band_name,study_city_label,claimed_formation_place,origin_review_status,origin_alignment,origin_evidence_url,origin_confidence,spotify_id,spotify_name_prior,spotify_expected_name,musicbrainz_id,wikidata_id,catalogue_source,selection_source,notes,uk_population_rank,fua_code,official_fua_name,population_year,population,territorial_definition,source_dataset_url,catalogue_review_ready,band,city,spotify_name,monthly_listeners,followers,world_rank,stats_extracted_at_utc,source,source_access
Blur,London,London,reviewed,existing_catalogue,https://musicbrainz.org/artist/ba853904-ae25-4ebb-89d6-c44cfbd71bd2,high,7MhMgCo0Bl0Kukl93PZbYS,Blur,Blur,ba853904-ae25-4ebb-89d6-c44cfbd71bd2,,reused balanced 100-band catalogue,existing_shortlist,,1,UK001F,London,2021,12274097,OECD/EU Functional Urban Area,https://data-explorer.oecd.org/vis?df%5Bag%5D=OECD.CFE.EDS&df%5Bds%5D=dsDisseminateFinalDMZ&df%5Bid%5D=DSD_FUA_DEMO%40DF_AGE_SEX&lc=en,True,Blur,London,Blur,14009757,4274924,0,2026-07-18T20:40:00.993779+00:00,Spotify web-player queryArtistOverview,undocumented read-only web-client endpoint
Coldplay,London,London,reviewed,existing_catalogue,https://musicbrainz.org/artist/cc197bad-dc9c-440d-a5b5-d52ba2e14234,high,4gzpq5DPGxSnKTe4SA8HAU,Coldplay,Coldplay,cc197bad-dc9c-440d-a5b5-d52ba2e14234,,reused balanced 100-band catalogue,existing_shortlist,,1,UK001F,London,2021,12274097,OECD/EU Functional Urban Area,https://data-explorer.oecd.org/vis?df%5Bag%5D=OECD.CFE.EDS&df%5Bds%5D=dsDisseminateFinalDMZ&df%5Bid%5D=DSD_FUA_DEMO%40DF_AGE_SEX&lc=en,True,Coldplay,London,Coldplay,92034104,64732379,11,2026-07-18T20:40:00.993779+00:00,Spotify web-player queryArtistOverview,undocumented read-only web-client endpoint
Fleetwood Mac,London,London,reviewed,existing_catalogue,https://musicbrainz.org/artist/bd13909f-1c29-4c27-a874-d4aaf27c5b1a,high,08GQAI4eElDnROBrJRGE0X,Fleetwood Mac,Fleetwood Mac,bd13909f-1c29-4c27-a874-d4aaf27c5b1a,,reused balanced 100-band catalogue,agent_addition,,1,UK001F,London,2021,12274097,OECD/EU Functional Urban Area,https://data-explorer.oecd.org/vis?df%5Bag%5D=OECD.CFE.EDS&df%5Bds%5D=dsDisseminateFinalDMZ&df%5Bid%5D=DSD_FUA_DEMO%40DF_AGE_SEX&lc=en,True,Fleetwood Mac,London,Fleetwood Mac,50959935,15546243,66,2026-07-18T20:40:00.993779+00:00,Spotify web-player queryArtistOverview,undocumented read-only web-client endpoint
Florence and the Machine,London,London,reviewed,existing_catalogue,https://musicbrainz.org/artist/5fee3020-513b-48c2-b1f7-4681b01db0c6,high,1moxjboGR7GNWYIMWsRjgG,Florence + The Machine,Florence + The Machine,5fee3020-513b-48c2-b1f7-4681b01db0c6,,reused balanced 100-band catalogue,existing_shortlist,,1,UK001F,London,2021,12274097,OECD/EU Functional Urban Area,https://data-explorer.oecd.org/vis?df%5Bag%5D=OECD.CFE.EDS&df%5Bds%5D=dsDisseminateFinalDMZ&df%5Bid%5D=DSD_FUA_DEMO%40DF_AGE_SEX&lc=en,True,Florence and the Machine,London,Florence + The Machine,25836943,7587105,296,2026-07-18T20:40:00.993779+00:00,Spotify web-player queryArtistOverview,undocumented read-only web-client endpoint
Led Zeppelin,London,London,reviewed,existing_catalogue,https://musicbrainz.org/artist/678d88b2-87b0-403b-b63d-5da7465aecc3,high,36QJpDe2go2KgaRleHCDTp,Led Zeppelin,Led Zeppelin,678d88b2-87b0-403b-b63d-5da7465aecc3,,reused balanced 100-band catalogue,agent_addition,,1,UK001F,London,2021,12274097,OECD/EU Functional Urban Area,https://data-explorer.oecd.org/vis?df%5Bag%5D=OECD.CFE.EDS&df%5Bds%5D=dsDisseminateFinalDMZ&df%5Bid%5D=DSD_FUA_DEMO%40DF_AGE_SEX&lc=en,True,Led Zeppelin,London,Led Zeppelin,20605707,16927470,426,2026-07-18T20:40:00.993779+00:00,Spotify web-player queryArtistOverview,undocumented read-only web-client endpoint
Queen,London,London,reviewed,existing_catalogue,https://musicbrainz.org/artist/0383dadf-2a4e-4d10-a46a-e9e041da8eb3,high,1dfeR4HaWDbWqFHLkxsg1d,Queen,Queen,0383dadf-2a4e-4d10-a46a-e9e041da8eb3,,reused balanced 100-band catalogue,agent_addition,,1,UK001F,London,2021,12274097,OECD/EU Functional Urban Area,https://data-explorer.oecd.org/vis?df%5Bag%5D=OECD.CFE.EDS&df%5Bds%5D=dsDisseminateFinalDMZ&df%5Bid%5D=DSD_FUA_DEMO%40DF_AGE_SEX&lc=en,True,Queen,London,Queen,51601234,58004701,64,2026-07-18T20:40:00.993779+00:00,Spotify web-player queryArtistOverview,undocumented read-only web-client endpoint
The Clash,London,London,reviewed,existing_catalogue,https://musicbrainz.org/artist/8f92558c-2baa-4758-8c38-615519e9deda,high,3RGLhK1IP9jnYFH4BRFJBS,The Clash,The Clash,8f92558c-2baa-4758-8c38-615519e9deda,,reused balanced 100-band catalogue,existing_shortlist,,1,UK001F,London,2021,12274097,OECD/EU Functional Urban Area,https://data-explorer.oecd.org/vis?df%5Bag%5D=OECD.CFE.EDS&df%5Bds%5D=dsDisseminateFinalDMZ&df%5Bid%5D=DSD_FUA_DEMO%40DF_AGE_SEX&lc=en,True,The Clash,London,The Clash,14589467,3508323,0,2026-07-18T20:40:00.993779+00:00,Spotify web-player queryArtistOverview,undocumented read-only web-client endpoint
The Kinks,London,London,reviewed,existing_catalogue,https://musicbrainz.org/artist/17b53d9f-5c63-4a09-a593-dde4608e0db9,high,1SQRv42e4PjEYfPhS0Tk9E,The Kinks,The Kinks,17b53d9f-5c63-4a09-a593-dde4608e0db9,,reused balanced 100-band catalogue,agent_addition,,1,UK001F,London,2021,12274097,OECD/EU Functional Urban Area,https://data-explorer.oecd.org/vis?df%5Bag%5D=OECD.CFE.EDS&df%5Bds%5D=dsDisseminateFinalDMZ&df%5Bid%5D=DSD_FUA_DEMO%40DF_AGE_SEX&lc=en,True,The Kinks,London,The Kinks,7864488,2958309,0,2026-07-18T20:40:00.993779+00:00,Spotify web-player queryArtistOverview,undocumented read-only web-client endpoint
The Rolling Stones,London,London,reviewed,existing_catalogue,https://musicbrainz.org/artist/b071f9fa-14b0-4217-8e97-eb41da73f598,high,22bE4uQ6baNwSHPVcDxLCe,The Rolling Stones,The Rolling Stones,b071f9fa-14b0-4217-8e97-eb41da73f598,,reused balanced 100-band catalogue,existing_shortlist,,1,UK001F,London,2021,12274097,OECD/EU Functional Urban Area,https://data-explorer.oecd.org/vis?df%5Bag%5D=OECD.CFE.EDS&df%5Bds%5D=dsDisseminateFinalDMZ&df%5Bid%5D=DSD_FUA_DEMO%40DF_AGE_SEX&lc=en,True,The Rolling Stones,London,The Rolling Stones,30690194,16651560,204,2026-07-18T20:40:00.993779+00:00,Spotify web-player queryArtistOverview,undocumented read-only web-client endpoint
The Who,London,London,reviewed,existing_catalogue,https://musicbrainz.org/artist/9fdaa16b-a6c4-4831-b87c-bc9ca8ce7eaa,high,67ea9eGLXYMsO2eYQRui3w,The Who,The Who,9fdaa16b-a6c4-4831-b87c-bc9ca8ce7eaa,,reused balanced 100-band catalogue,agent_addition,,1,UK001F,London,2021,12274097,OECD/EU Functional Urban Area,https://data-explorer.oecd.org/vis?df%5Bag%5D=OECD.CFE.EDS&df%5Bds%5D=dsDisseminateFinalDMZ&df%5Bid%5D=DSD_FUA_DEMO%40DF_AGE_SEX&lc=en,True,The Who,London,The Who,8659112,6100346,0,2026-07-18T20:40:00.993779+00:00,Spotify web-player queryArtistOverview,undocumented read-only web-client endpoint
Happy Mondays,Manchester,Little Hulton,reviewed,existing_catalogue,https://musicbrainz.org/artist/01f4fb92-6bf0-4de5-83dc-3fe194e763bf,high,339DNkQkuhHKEcHw6oK8f0,Happy Mondays,Happy Mondays,01f4fb92-6bf0-4de5-83dc-3fe194e763bf,,reused balanced 100-band catalogue,agent_addition,Official Charts gives Salford and another history gives Little Hulton; the frozen OECD crosswalk maps Salford to Manchester FUA.,2,UK008F,Manchester,2021,3432092,OECD/EU Functional Urban Area,https://data-explorer.oecd.org/vis?df%5Bag%5D=OECD.CFE.EDS&df%5Bds%5D=dsDisseminateFinalDMZ&df%5Bid%5D=DSD_FUA_DEMO%40DF_AGE_SEX&lc=en,True,Happy Mondays,Manchester,Happy Mondays,652616,462546,0,2026-07-18T20:40:00.993779+00:00,Spotify web-player queryArtistOverview,undocumented read-only web-client endpoint
Joy Division,Manchester,Salford,reviewed,existing_catalogue,https://musicbrainz.org/artist/9a58fda3-f4ed-4080-a3a5-f457aac9fcdd,high,432R46LaYsJZV2Gmc4jUV5,Joy Division,Joy Division,9a58fda3-f4ed-4080-a3a5-f457aac9fcdd,,reused balanced 100-band catalogue,agent_addition,Joy Division's official history gives Salford; the frozen OECD crosswalk maps Salford to Manchester FUA.,2,UK008F,Manchester,2021,3432092,OECD/EU Functional Urban Area,https://data-explorer.oecd.org/vis?df%5Bag%5D=OECD.CFE.EDS&df%5Bds%5D=dsDisseminateFinalDMZ&df%5Bid%5D=DSD_FUA_DEMO%40DF_AGE_SEX&lc=en,True,Joy Division,Manchester,Joy Division,4140711,2965374,0,2026-07-18T20:40:00.993779+00:00,Spotify web-player queryArtistOverview,undocumented read-only web-client endpoint
New Order,Manchester,Salford,reviewed,existing_catalogue,https://musicbrainz.org/artist/f1106b17-dcbb-45f6-b938-199ccfab50cc,high,0yNLKJebCb8Aueb54LYya3,New Order,New Order,f1106b17-dcbb-45f6-b938-199ccfab50cc,,reused balanced 100-band catalogue,existing_shortlist,AllMusic gives Salford; the frozen OECD crosswalk maps Salford to Manchester FUA.,2,UK008F,Manchester,2021,3432092,OECD/EU Functional Urban Area,https://data-explorer.oecd.org/vis?df%5Bag%5D=OECD.CFE.EDS&df%5Bds%5D=dsDisseminateFinalDMZ&df%5Bid%5D=DSD_FUA_DEMO%40DF_AGE_SEX&lc=en,True,New Order,Manchester,New Order,8786188,2651294,0,2026-07-18T20:40:00.993779+00:00,Spotify web-player queryArtistOverview,undocumented read-only web-client endpoint
Oasis,Manchester,Manchester,reviewed,existing_catalogue,https://musicbrainz.org/artist/39ab1aed-75e0-4140-bd47-540276886b60,high,2DaxqgrOhkeH0fpeiQq2f4,Oasis,Oasis,39ab1aed-75e0-4140-bd47-540276886b60,,reused balanced 100-band catalogue,existing_shortlist,,2,UK008F,Manchester,2021,3432092,OECD/EU Functional Urban Area,https://data-explorer.oecd.org/vis?df%5Bag%5D=OECD.CFE.EDS&df%5Bds%5D=dsDisseminateFinalDMZ&df%5Bid%5D=DSD_FUA_DEMO%40DF_AGE_SEX&lc=en,True,Oasis,Manchester,Oasis,39676473,13941515,124,2026-07-18T20:40:00.993779+00:00,Spotify web-player queryArtistOverview,undocumented read-only web-client endpoint
Simply Red,Manchester,Manchester,reviewed,existing_catalogue,https://musicbrainz.org/artist/a9100753-f539-43cf-bcc9-579566fb512e,high,1fa0cOhromAZdq2xRA4vv8,Simply Red,Simply Red,a9100753-f539-43cf-bcc9-579566fb512e,,reused balanced 100-band catalogue,agent_addition,Formally eligible group; soul-pop editorial review.,2,UK008F,Manchester,2021,3432092,OECD/EU Functional Urban Area,https://data-explorer.oecd.org/vis?df%5Bag%5D=OECD.CFE.EDS&df%5Bds%5D=dsDisseminateFinalDMZ&df%5Bid%5D=DSD_FUA_DEMO%40DF_AGE_SEX&lc=en,True,Simply Red,Manchester,Simply Red,9097250,2960800,0,2026-07-18T20:40:00.993779+00:00,Spotify web-player queryArtistOverview,undocumented read-only web-client endpoint
Take That,Manchester,Manchester,reviewed,existing_catalogue,https://musicbrainz.org/artist/24d2505b-388c-46cc-8a64-48223ea6d78d,high,1XgFuvRd7r5g0h844A5ZUQ,Take That,Take That,24d2505b-388c-46cc-8a64-48223ea6d78d,,reused balanced 100-band catalogue,agent_addition,Formally eligible group; pop editorial review.,2,UK008F,Manchester,2021,3432092,OECD/EU Functional Urban Area,https://data-explorer.oecd.org/vis?df%5Bag%5D=OECD.CFE.EDS&df%5Bds%5D=dsDisseminateFinalDMZ&df%5Bid%5D=DSD_FUA_DEMO%40DF_AGE_SEX&lc=en,True,Take That,Manchester,Take That,6539015,1517488,0,2026-07-18T20:40:00.993779+00:00,Spotify web-player queryArtistOverview,undocumented read-only web-client endpoint
The 1975,Manchester,Wilmslow,reviewed,existing_catalogue,https://musicbrainz.org/artist/5b6ebfe0-f72b-4902-bba9-74c8af0f1af0,high,3mIj9lX2MWuHmhNCA7LSCW,The 1975,The 1975,5b6ebfe0-f72b-4902-bba9-74c8af0f1af0,,reused balanced 100-band catalogue,existing_shortlist,AllMusic gives Wilmslow; the frozen OECD crosswalk maps Cheshire East to Manchester FUA.,2,UK008F,Manchester,2021,3432092,OECD/EU Functional Urban Area,https://data-explorer.oecd.org/vis?df%5Bag%5D=OECD.CFE.EDS&df%5Bds%5D=dsDisseminateFinalDMZ&df%5Bid%5D=DSD_FUA_DEMO%40DF_AGE_SEX&lc=en,True,The 1975,Manchester,The 1975,18915018,8582651,493,2026-07-18T20:40:00.993779+00:00,Spotify web-player queryArtistOverview,undocumented read-only web-client endpoint
The Chemical Brothers,Manchester,Manchester,reviewed,existing_catalogue,https://musicbrainz.org/artist/1946a82a-f927-40c2-8235-38d64f50d043,high,1GhPHrq36VKCY3ucVaZCfo,The Chemical Brothers,The Chemical Brothers,1946a82a-f927-40c2-8235-38d64f50d043,,reused balanced 100-band catalogue,agent_addition,,2,UK008F,Manchester,2021,3432092,OECD/EU Functional Urban Area,https://data-explorer.oecd.org/vis?df%5Bag%5D=OECD.CFE.EDS&df%5Bds%5D=dsDisseminateFinalDMZ&df%5Bid%5D=DSD_FUA_DEMO%40DF_AGE_SEX&lc=en,True,The Chemical Brothers,Manchester,The Chemical Brothers,9143502,2435363,0,2026-07-18T20:40:00.993779+00:00,Spotify web-player queryArtistOverview,undocumented read-only web-client endpoint
The Smiths,Manchester,Manchester,reviewed,existing_catalogue,https://musicbrainz.org/artist/40f5d9e4-2de7-4f2d-ad41-e31a9a9fea27,high,3yY2gUcIsjMr8hjo51PoJ8,The Smiths,The Smiths,40f5d9e4-2de7-4f2d-ad41-e31a9a9fea27,,reused balanced 100-band catalogue,existing_shortlist,,2,UK008F,Manchester,2021,3432092,OECD/EU Functional Urban Area,https://data-explorer.oecd.org/vis?df%5Bag%5D=OECD.CFE.EDS&df%5Bds%5D=dsDisseminateFinalDMZ&df%5Bid%5D=DSD_FUA_DEMO%40DF_AGE_SEX&lc=en,True,The Smiths,Manchester,The Smiths,22515532,8767855,367,2026-07-18T20:40:00.993779+00:00,Spotify web-player queryArtistOverview,undocumented read-only web-client endpoint
The Stone Roses,Manchester,Manchester,reviewed,existing_catalogue,https://musicbrainz.org/artist/b5fa29f1-6c22-4321-a488-b5f363b06b06,high,1lYT0A0LV5DUfxr6doRP3d,The Stone Roses,The Stone Roses,b5fa29f1-6c22-4321-a488-b5f363b06b06,,reused balanced 100-band catalogue,existing_shortlist,,2,UK008F,Manchester,2021,3432092,OECD/EU Functional Urban Area,https://data-explorer.oecd.org/vis?df%5Bag%5D=OECD.CFE.EDS&df%5Bds%5D=dsDisseminateFinalDMZ&df%5Bid%5D=DSD_FUA_DEMO%40DF_AGE_SEX&lc=en,True,The Stone Roses,Manchester,The Stone Roses,3488308,1863145,0,2026-07-18T20:40:00.993779+00:00,Spotify web-player queryArtistOverview,undocumented read-only web-client endpoint
Black Sabbath,Birmingham,Birmingham,reviewed,existing_catalogue,https://musicbrainz.org/artist/5182c1d9-c7d2-4dad-afa0-ccfeada921a8,high,5M52tdBnJaKSvOpJGz8mfZ,Black Sabbath,Black Sabbath,5182c1d9-c7d2-4dad-afa0-ccfeada921a8,,reused balanced 100-band catalogue,existing_shortlist,,3,UK002F,West Midlands urban area,2021,3135994,OECD/EU Functional Urban Area,https://data-explorer.oecd.org/vis?df%5Bag%5D=OECD.CFE.EDS&df%5Bds%5D=dsDisseminateFinalDMZ&df%5Bid%5D=DSD_FUA_DEMO%40DF_AGE_SEX&lc=en,True,Black Sabbath,Birmingham,Black Sabbath,18288641,10711277,0,2026-07-18T20:40:00.993779+00:00,Spotify web-player queryArtistOverview,undocumented read-only web-client endpoint
Dexys Midnight Runners,Birmingham,Birmingham,reviewed,existing_catalogue,https://musicbrainz.org/artist/ccce2053-7007-4c36-b1e7-f8fcf5023a12,high,4QTVePrFu1xuGM9K0kNXkk,Dexys Midnight Runners,Dexys Midnight Runners,ccce2053-7007-4c36-b1e7-f8fcf5023a12,,reused balanced 100-band catalogue,agent_addition,,3,UK002F,West Midlands urban area,2021,3135994,OECD/EU Functional Urban Area,https://data-explorer.oecd.org/vis?df%5Bag%5D=OECD.CFE.EDS&df%5Bds%5D=dsDisseminateFinalDMZ&df%5Bid%5D=DSD_FUA_DEMO%40DF_AGE_SEX&lc=en,True,Dexys Midnight Runners,Birmingham,Dexys Midnight Runners,7999321,384886,0,2026-07-18T20:40:00.993779+00:00,Spotify web-player queryArtistOverview,undocumented read-only web-client endpoint
Duran Duran,Birmingham,Birmingham,reviewed,existing_catalogue,https://musicbrainz.org/artist/1a1cd7f3-e5df-4eca-bae2-2757c9e656b5,high,0lZoBs4Pzo7R89JM9lxwoT,Duran Duran,Duran Duran,1a1cd7f3-e5df-4eca-bae2-2757c9e656b5,,reused balanced 100-band catalogue,existing_shortlist,,3,UK002F,West Midlands urban area,2021,3135994,OECD/EU Functional Urban Area,https://data-explorer.oecd.org/vis?df%5Bag%5D=OECD.CFE.EDS&df%5Bds%5D=dsDisseminateFinalDMZ&df%5Bid%5D=DSD_FUA_DEMO%40DF_AGE_SEX&lc=en,True,Duran Duran,Birmingham,Duran Duran,15134650,3958344,0,2026-07-18T20:40:00.993779+00:00,Spotify web-player queryArtistOverview,undocumented read-only web-client endpoint
ELO,Birmingham,Birmingham,reviewed,existing_catalogue,https://musicbrainz.org/artist/0c502791-4ee9-4c5f-9696-0602b721ff3b,high,7jefIIksOi1EazgRTfW2Pk,Electric Light Orchestra,Electric Light Orchestra,0c502791-4ee9-4c5f-9696-0602b721ff3b,,reused balanced 100-band catalogue,existing_shortlist,,3,UK002F,West Midlands urban area,2021,3135994,OECD/EU Functional Urban Area,https://data-explorer.oecd.org/vis?df%5Bag%5D=OECD.CFE.EDS&df%5Bds%5D=dsDisseminateFinalDMZ&df%5Bid%5D=DSD_FUA_DEMO%40DF_AGE_SEX&lc=en,True,ELO,Birmingham,Electric Light Orchestra,18330664,4748870,0,2026-07-18T20:40:00.993779+00:00,Spotify web-player queryArtistOverview,undocumented read-only web-client endpoint
Editors,Birmingham,Birmingham,reviewed,existing_catalogue,https://musicbrainz.org/artist/0efe858c-89e5-4e47-906a-356fa953fd6e,high,6e9wIFWhBPHLE9bXK8gtBI,Editors,Editors,0efe858c-89e5-4e47-906a-356fa953fd6e,,reused balanced 100-band catalogue,existing_shortlist,AllMusic independently records formation in Birmingham in 2002; members first met at Stafford University.,3,UK002F,West Midlands urban area,2021,3135994,OECD/EU Functional Urban Area,https://data-explorer.oecd.org/vis?df%5Bag%5D=OECD.CFE.EDS&df%5Bds%5D=dsDisseminateFinalDMZ&df%5Bid%5D=DSD_FUA_DEMO%40DF_AGE_SEX&lc=en,True,Editors,Birmingham,Editors,1241937,786142,0,2026-07-18T20:40:00.993779+00:00,Spotify web-player queryArtistOverview,undocumented read-only web-client endpoint
Judas Priest,Birmingham,Birmingham,reviewed,existing_catalogue,https://musicbrainz.org/artist/6b335658-22c8-485d-93de-0bc29a1d0349,high,2tRsMl4eGxwoNabM08Dm4I,Judas Priest,Judas Priest,6b335658-22c8-485d-93de-0bc29a1d0349,,reused balanced 100-band catalogue,agent_addition,,3,UK002F,West Midlands urban area,2021,3135994,OECD/EU Functional Urban Area,https://data-explorer.oecd.org/vis?df%5Bag%5D=OECD.CFE.EDS&df%5Bds%5D=dsDisseminateFinalDMZ&df%5Bid%5D=DSD_FUA_DEMO%40DF_AGE_SEX&lc=en,True,Judas Priest,Birmingham,Judas Priest,4112763,4744039,0,2026-07-18T20:40:00.993779+00:00,Spotify web-player queryArtistOverview,undocumented read-only web-client endpoint
Ocean Colour Scene,Birmingham,Birmingham,reviewed,existing_catalogue,https://musicbrainz.org/artist/601d793d-7e96-4bb6-b4a6-712d5c926259,high,5vIOGcdmx1eIkq3ZtuS12U,Ocean Colour Scene,Ocean Colour Scene,601d793d-7e96-4bb6-b4a6-712d5c926259,,reused balanced 100-band catalogue,agent_addition,,3,UK002F,West Midlands urban area,2021,3135994,OECD/EU Functional Urban Area,https://data-explorer.oecd.org/vis?df%5Bag%5D=OECD.CFE.EDS&df%5Bds%5D=dsDisseminateFinalDMZ&df%5Bid%5D=DSD_FUA_DEMO%40DF_AGE_SEX&lc=en,True,Ocean Colour Scene,Birmingham,Ocean Colour Scene,606956,454701,0,2026-07-18T20:40:00.993779+00:00,Spotify web-player queryArtistOverview,undocumented read-only web-client endpoint
The Moody Blues,Birmingham,Birmingham,reviewed,existing_catalogue,https://musicbrainz.org/artist/774666d2-2064-4d6c-856c-f8cda0aaf9f0,high,5BcZ22XONcRoLhTbZRuME1,The Moody Blues,The Moody Blues,774666d2-2064-4d6c-856c-f8cda0aaf9f0,,reused balanced 100-band catalogue,agent_addition,,3,UK002F,West Midlands urban area,2021,3135994,OECD/EU Functional Urban Area,https://data-explorer.oecd.org/vis?df%5Bag%5D=OECD.CFE.EDS&df%5Bds%5D=dsDisseminateFinalDMZ&df%5Bid%5D=DSD_FUA_DEMO%40DF_AGE_SEX&lc=en,True,The Moody Blues,Birmingham,The Moody Blues,2129836,1500809,0,2026-07-18T20:40:00.993779+00:00,Spotify web-player queryArtistOverview,undocumented read-only web-client endpoint
The Spencer Davis Group,Birmingham,Birmingham,reviewed,existing_catalogue,https://musicbrainz.org/artist/178fdfdf-e02e-4608-9b51-e53471e28a58,high,3i9hP422d2KMjaupTzBNVS,The Spencer Davis Group,The Spencer Davis Group,178fdfdf-e02e-4608-9b51-e53471e28a58,,reused balanced 100-band catalogue,agent_addition,,3,UK002F,West Midlands urban area,2021,3135994,OECD/EU Functional Urban Area,https://data-explorer.oecd.org/vis?df%5Bag%5D=OECD.CFE.EDS&df%5Bds%5D=dsDisseminateFinalDMZ&df%5Bid%5D=DSD_FUA_DEMO%40DF_AGE_SEX&lc=en,True,The Spencer Davis Group,Birmingham,The Spencer Davis Group,1087690,317136,0,2026-07-18T20:40:00.993779+00:00,Spotify web-player queryArtistOverview,undocumented read-only web-client endpoint
UB40,Birmingham,Birmingham,reviewed,existing_catalogue,https://musicbrainz.org/artist/7113aab7-628f-4050-ae49-dbecac110ca8,high,69MEO1AADKg1IZrq2XLzo5,UB40,UB40,7113aab7-628f-4050-ae49-dbecac110ca8,,reused balanced 100-band catalogue,existing_shortlist,,3,UK002F,West Midlands urban area,2021,3135994,OECD/EU Functional Urban Area,https://data-explorer.oecd.org/vis?df%5Bag%5D=OECD.CFE.EDS&df%5Bds%5D=dsDisseminateFinalDMZ&df%5Bid%5D=DSD_FUA_DEMO%40DF_AGE_SEX&lc=en,True,UB40,Birmingham,UB40,9327767,2783787,0,2026-07-18T20:40:00.993779+00:00,Spotify web-player queryArtistOverview,undocumented read-only web-client endpoint
Alt-J,Leeds,Leeds,reviewed,existing_catalogue,https://musicbrainz.org/artist/fc7bbf00-fbaa-4736-986b-b3ac0266ca9b,high,3XHO7cRUPCLOr6jwp8vsx5,alt-J,Alt-J,fc7bbf00-fbaa-4736-986b-b3ac0266ca9b,,reused balanced 100-band catalogue,existing_shortlist,,4,UK003F,Leeds,2021,2969034,OECD/EU Functional Urban Area,https://data-explorer.oecd.org/vis?df%5Bag%5D=OECD.CFE.EDS&df%5Bds%5D=dsDisseminateFinalDMZ&df%5Bid%5D=DSD_FUA_DEMO%40DF_AGE_SEX&lc=en,True,Alt-J,Leeds,alt-J,8110938,3499216,0,2026-07-18T20:40:00.993779+00:00,Spotify web-player queryArtistOverview,undocumented read-only web-client endpoint
Chumbawamba,Leeds,Leeds,reviewed,existing_catalogue,https://musicbrainz.org/artist/7b7b1e6f-e73e-41a0-9d72-8f0b30c6992d,medium,0TcYeHEK9sBtv7xPbKhzHz,Chumbawamba,Chumbawamba,7b7b1e6f-e73e-41a0-9d72-8f0b30c6992d,,reused balanced 100-band catalogue,agent_addition,Retained provisionally in Leeds: accounts conflict between formation in Burnley and formation in the Armley squat in Leeds; exclusion does not change Leeds's ranks.,4,UK003F,Leeds,2021,2969034,OECD/EU Functional Urban Area,https://data-explorer.oecd.org/vis?df%5Bag%5D=OECD.CFE.EDS&df%5Bds%5D=dsDisseminateFinalDMZ&df%5Bid%5D=DSD_FUA_DEMO%40DF_AGE_SEX&lc=en,True,Chumbawamba,Leeds,Chumbawamba,4700579,225650,0,2026-07-18T20:40:00.993779+00:00,Spotify web-player queryArtistOverview,undocumented read-only web-client endpoint
Gang of Four,Leeds,Leeds,reviewed,existing_catalogue,https://musicbrainz.org/artist/d8661c02-f423-4d72-8044-40ff05daf7a1,high,3AmWjMXXtBJOmNGpUFSOAl,Gang Of Four,Gang of Four,d8661c02-f423-4d72-8044-40ff05daf7a1,,reused balanced 100-band catalogue,agent_addition,,4,UK003F,Leeds,2021,2969034,OECD/EU Functional Urban Area,https://data-explorer.oecd.org/vis?df%5Bag%5D=OECD.CFE.EDS&df%5Bds%5D=dsDisseminateFinalDMZ&df%5Bid%5D=DSD_FUA_DEMO%40DF_AGE_SEX&lc=en,True,Gang of Four,Leeds,Gang Of Four,469462,292732,0,2026-07-18T20:40:00.993779+00:00,Spotify web-player queryArtistOverview,undocumented read-only web-client endpoint
Kaiser Chiefs,Leeds,Leeds,reviewed,existing_catalogue,https://musicbrainz.org/artist/90218af4-4d58-4821-8d41-2ee295ebbe21,high,0LbLWjaweRbO4FDKYlbfNt,Kaiser Chiefs,Kaiser Chiefs,90218af4-4d58-4821-8d41-2ee295ebbe21,,reused balanced 100-band catalogue,existing_shortlist,,4,UK003F,Leeds,2021,2969034,OECD/EU Functional Urban Area,https://data-explorer.oecd.org/vis?df%5Bag%5D=OECD.CFE.EDS&df%5Bds%5D=dsDisseminateFinalDMZ&df%5Bid%5D=DSD_FUA_DEMO%40DF_AGE_SEX&lc=en,True,Kaiser Chiefs,Leeds,Kaiser Chiefs,2999896,1422089,0,2026-07-18T20:40:00.993779+00:00,Spotify web-player queryArtistOverview,undocumented read-only web-client endpoint
Nightmares on Wax,Leeds,Leeds,reviewed,existing_catalogue,https://musicbrainz.org/artist/b8c5cc4f-239f-4e02-b46f-b040b77c2030,high,4tNxq9NGKTKaX8OkZBLgf0,Nightmares On Wax,Nightmares on Wax,b8c5cc4f-239f-4e02-b46f-b040b77c2030,,reused balanced 100-band catalogue,agent_addition,,4,UK003F,Leeds,2021,2969034,OECD/EU Functional Urban Area,https://data-explorer.oecd.org/vis?df%5Bag%5D=OECD.CFE.EDS&df%5Bds%5D=dsDisseminateFinalDMZ&df%5Bid%5D=DSD_FUA_DEMO%40DF_AGE_SEX&lc=en,True,Nightmares on Wax,Leeds,Nightmares On Wax,1820888,556692,0,2026-07-18T20:40:00.993779+00:00,Spotify web-player queryArtistOverview,undocumented read-only web-client endpoint
Sisters of Mercy,Leeds,Leeds,reviewed,existing_catalogue,https://musicbrainz.org/artist/553d8166-27b0-49fe-b8e4-89a984e2c375,high,4HxBVyHaUa60eCSsJWxwWR,Sisters of Mercy,Sisters of Mercy,553d8166-27b0-49fe-b8e4-89a984e2c375,,reused balanced 100-band catalogue,existing_shortlist,,4,UK003F,Leeds,2021,2969034,OECD/EU Functional Urban Area,https://data-explorer.oecd.org/vis?df%5Bag%5D=OECD.CFE.EDS&df%5Bds%5D=dsDisseminateFinalDMZ&df%5Bid%5D=DSD_FUA_DEMO%40DF_AGE_SEX&lc=en,True,Sisters of Mercy,Leeds,Sisters of Mercy,994856,771147,0,2026-07-18T20:40:00.993779+00:00,Spotify web-player queryArtistOverview,undocumented read-only web-client endpoint
Soft Cell,Leeds,Leeds,reviewed,existing_catalogue,https://musicbrainz.org/artist/7fb50287-029d-47cc-825a-235ca28024b2,high,6aq8T2RcspxVOGgMrTzjWc,Soft Cell,Soft Cell,7fb50287-029d-47cc-825a-235ca28024b2,,reused balanced 100-band catalogue,existing_shortlist,,4,UK003F,Leeds,2021,2969034,OECD/EU Functional Urban Area,https://data-explorer.oecd.org/vis?df%5Bag%5D=OECD.CFE.EDS&df%5Bds%5D=dsDisseminateFinalDMZ&df%5Bid%5D=DSD_FUA_DEMO%40DF_AGE_SEX&lc=en,True,Soft Cell,Leeds,Soft Cell,5766246,869007,0,2026-07-18T20:40:00.993779+00:00,Spotify web-player queryArtistOverview,undocumented read-only web-client endpoint
The Mekons,Leeds,Leeds,reviewed,existing_catalogue,https://musicbrainz.org/artist/66d2169c-dea5-46d3-b4cb-52ed87b24ab0,high,1Ag6UM6dow2OH9V06mxzV5,Mekons,Mekons,66d2169c-dea5-46d3-b4cb-52ed87b24ab0,,reused balanced 100-band catalogue,agent_addition,,4,UK003F,Leeds,2021,2969034,OECD/EU Functional Urban Area,https://data-explorer.oecd.org/vis?df%5Bag%5D=OECD.CFE.EDS&df%5Bds%5D=dsDisseminateFinalDMZ&df%5Bid%5D=DSD_FUA_DEMO%40DF_AGE_SEX&lc=en,True,The Mekons,Leeds,Mekons,40549,27778,0,2026-07-18T20:40:00.993779+00:00,Spotify web-player queryArtistOverview,undocumented read-only web-client endpoint
The Mission,Leeds,Leeds,reviewed,existing_catalogue,https://musicbrainz.org/artist/d85e95a3-07c7-4c04-a411-234290615113,high,3DLtpqLMAU6uc0BOJ7JmlM,The Mission UK,The Mission UK,d85e95a3-07c7-4c04-a411-234290615113,,reused balanced 100-band catalogue,agent_addition,,4,UK003F,Leeds,2021,2969034,OECD/EU Functional Urban Area,https://data-explorer.oecd.org/vis?df%5Bag%5D=OECD.CFE.EDS&df%5Bds%5D=dsDisseminateFinalDMZ&df%5Bid%5D=DSD_FUA_DEMO%40DF_AGE_SEX&lc=en,True,The Mission,Leeds,The Mission UK,6711,16916,0,2026-07-18T20:40:00.993779+00:00,Spotify web-player queryArtistOverview,undocumented read-only web-client endpoint
The Wedding Present,Leeds,Leeds,reviewed,existing_catalogue,https://musicbrainz.org/artist/707622da-475f-48e1-905d-248718df6521,high,4tyCvqG48h4LdcbFfWBjR9,The Wedding Present,The Wedding Present,707622da-475f-48e1-905d-248718df6521,,reused balanced 100-band catalogue,existing_shortlist,,4,UK003F,Leeds,2021,2969034,OECD/EU Functional Urban Area,https://data-explorer.oecd.org/vis?df%5Bag%5D=OECD.CFE.EDS&df%5Bds%5D=dsDisseminateFinalDMZ&df%5Bid%5D=DSD_FUA_DEMO%40DF_AGE_SEX&lc=en,True,The Wedding Present,Leeds,The Wedding Present,45749,65575,0,2026-07-18T20:40:00.993779+00:00,Spotify web-player queryArtistOverview,undocumented read-only web-client endpoint
Belle and Sebastian,Glasgow,Glasgow,reviewed,existing_catalogue,https://musicbrainz.org/artist/e5c7b94f-e264-473c-bb0f-37c85d4d5c70,high,4I2BJf80C0skQpp1sQmA0h,Belle and Sebastian,Belle and Sebastian,e5c7b94f-e264-473c-bb0f-37c85d4d5c70,,reused balanced 100-band catalogue,existing_shortlist,,5,UK004F,Glasgow,2021,1831890,OECD/EU Functional Urban Area,https://data-explorer.oecd.org/vis?df%5Bag%5D=OECD.CFE.EDS&df%5Bds%5D=dsDisseminateFinalDMZ&df%5Bid%5D=DSD_FUA_DEMO%40DF_AGE_SEX&lc=en,True,Belle and Sebastian,Glasgow,Belle and Sebastian,1141204,747098,0,2026-07-18T20:40:00.993779+00:00,Spotify web-player queryArtistOverview,undocumented read-only web-client endpoint
CHVRCHES,Glasgow,Glasgow,reviewed,existing_catalogue,https://musicbrainz.org/artist/6a93afbb-257f-4166-b389-9f2a1e5c5df8,high,3CjlHNtplJyTf9npxaPl5w,CHVRCHES,CHVRCHES,6a93afbb-257f-4166-b389-9f2a1e5c5df8,,reused balanced 100-band catalogue,existing_shortlist,,5,UK004F,Glasgow,2021,1831890,OECD/EU Functional Urban Area,https://data-explorer.oecd.org/vis?df%5Bag%5D=OECD.CFE.EDS&df%5Bds%5D=dsDisseminateFinalDMZ&df%5Bid%5D=DSD_FUA_DEMO%40DF_AGE_SEX&lc=en,True,CHVRCHES,Glasgow,CHVRCHES,4152413,1434807,0,2026-07-18T20:40:00.993779+00:00,Spotify web-player queryArtistOverview,undocumented read-only web-client endpoint
Deacon Blue,Glasgow,Glasgow,reviewed,existing_catalogue,https://musicbrainz.org/artist/1d46cb3a-8071-45ba-855e-74e3cff20974,high,5jqKIZLB5WA5KquEihB3ND,Deacon Blue,Deacon Blue,1d46cb3a-8071-45ba-855e-74e3cff20974,,reused balanced 100-band catalogue,agent_addition,,5,UK004F,Glasgow,2021,1831890,OECD/EU Functional Urban Area,https://data-explorer.oecd.org/vis?df%5Bag%5D=OECD.CFE.EDS&df%5Bds%5D=dsDisseminateFinalDMZ&df%5Bid%5D=DSD_FUA_DEMO%40DF_AGE_SEX&lc=en,True,Deacon Blue,Glasgow,Deacon Blue,612759,256096,0,2026-07-18T20:40:00.993779+00:00,Spotify web-player queryArtistOverview,undocumented read-only web-client endpoint
Del Amitri,Glasgow,Glasgow,reviewed,existing_catalogue,https://musicbrainz.org/artist/5b86617f-e775-4675-b6d3-c4ad95d05409,high,2Q4FnG5T6NTUcAAZwuMV5K,Del Amitri,Del Amitri,5b86617f-e775-4675-b6d3-c4ad95d05409,,reused balanced 100-band catalogue,agent_addition,,5,UK004F,Glasgow,2021,1831890,OECD/EU Functional Urban Area,https://data-explorer.oecd.org/vis?df%5Bag%5D=OECD.CFE.EDS&df%5Bds%5D=dsDisseminateFinalDMZ&df%5Bid%5D=DSD_FUA_DEMO%40DF_AGE_SEX&lc=en,True,Del Amitri,Glasgow,Del Amitri,827530,117032,0,2026-07-18T20:40:00.993779+00:00,Spotify web-player queryArtistOverview,undocumented read-only web-client endpoint
Franz Ferdinand,Glasgow,Glasgow,reviewed,existing_catalogue,https://musicbrainz.org/artist/aa7a2827-f74b-473c-bd79-03d065835cf7,high,0XNa1vTidXlvJ2gHSsRi4A,Franz Ferdinand,Franz Ferdinand,aa7a2827-f74b-473c-bd79-03d065835cf7,,reused balanced 100-band catalogue,existing_shortlist,,5,UK004F,Glasgow,2021,1831890,OECD/EU Functional Urban Area,https://data-explorer.oecd.org/vis?df%5Bag%5D=OECD.CFE.EDS&df%5Bds%5D=dsDisseminateFinalDMZ&df%5Bid%5D=DSD_FUA_DEMO%40DF_AGE_SEX&lc=en,True,Franz Ferdinand,Glasgow,Franz Ferdinand,10807735,3218082,0,2026-07-18T20:40:00.993779+00:00,Spotify web-player queryArtistOverview,undocumented read-only web-client endpoint
Mogwai,Glasgow,Glasgow,reviewed,existing_catalogue,https://musicbrainz.org/artist/d700b3f5-45af-4d02-95ed-57d301bda93e,high,34UhPkLbtFKRq3nmfFgejG,Mogwai,Mogwai,d700b3f5-45af-4d02-95ed-57d301bda93e,,reused balanced 100-band catalogue,agent_addition,,5,UK004F,Glasgow,2021,1831890,OECD/EU Functional Urban Area,https://data-explorer.oecd.org/vis?df%5Bag%5D=OECD.CFE.EDS&df%5Bds%5D=dsDisseminateFinalDMZ&df%5Bid%5D=DSD_FUA_DEMO%40DF_AGE_SEX&lc=en,True,Mogwai,Glasgow,Mogwai,370209,647271,0,2026-07-18T20:40:00.993779+00:00,Spotify web-player queryArtistOverview,undocumented read-only web-client endpoint
Primal Scream,Glasgow,Glasgow,reviewed,existing_catalogue,https://musicbrainz.org/artist/55704c38-224f-4b75-b29f-d43653f8bc9a,high,3wury2nd8idV4GecUg5xze,Primal Scream,Primal Scream,55704c38-224f-4b75-b29f-d43653f8bc9a,,reused balanced 100-band catalogue,existing_shortlist,,5,UK004F,Glasgow,2021,1831890,OECD/EU Functional Urban Area,https://data-explorer.oecd.org/vis?df%5Bag%5D=OECD.CFE.EDS&df%5Bds%5D=dsDisseminateFinalDMZ&df%5Bid%5D=DSD_FUA_DEMO%40DF_AGE_SEX&lc=en,True,Primal Scream,Glasgow,Primal Scream,1165795,590819,0,2026-07-18T20:40:00.993779+00:00,Spotify web-player queryArtistOverview,undocumented read-only web-client endpoint
Simple Minds,Glasgow,Glasgow,reviewed,existing_catalogue,https://musicbrainz.org/artist/f41490ce-fe39-435d-86c0-ab5ce098b423,high,6hN9F0iuULZYWXppob22Aj,Simple Minds,Simple Minds,f41490ce-fe39-435d-86c0-ab5ce098b423,,reused balanced 100-band catalogue,existing_shortlist,,5,UK004F,Glasgow,2021,1831890,OECD/EU Functional Urban Area,https://data-explorer.oecd.org/vis?df%5Bag%5D=OECD.CFE.EDS&df%5Bds%5D=dsDisseminateFinalDMZ&df%5Bid%5D=DSD_FUA_DEMO%40DF_AGE_SEX&lc=en,True,Simple Minds,Glasgow,Simple Minds,9628717,2504682,0,2026-07-18T20:40:00.993779+00:00,Spotify web-player queryArtistOverview,undocumented read-only web-client endpoint
Texas,Glasgow,Glasgow,reviewed,existing_catalogue,https://musicbrainz.org/artist/7289d10d-d8d2-41ff-8308-c56ec9346e07,high,5JsdVATHNPE0XdMFMRoSuf,Texas,Texas,7289d10d-d8d2-41ff-8308-c56ec9346e07,,reused balanced 100-band catalogue,agent_addition,,5,UK004F,Glasgow,2021,1831890,OECD/EU Functional Urban Area,https://data-explorer.oecd.org/vis?df%5Bag%5D=OECD.CFE.EDS&df%5Bds%5D=dsDisseminateFinalDMZ&df%5Bid%5D=DSD_FUA_DEMO%40DF_AGE_SEX&lc=en,True,Texas,Glasgow,Texas,2420479,572024,0,2026-07-18T20:40:00.993779+00:00,Spotify web-player queryArtistOverview,undocumented read-only web-client endpoint
The Fratellis,Glasgow,Glasgow,reviewed,existing_catalogue,https://musicbrainz.org/artist/f4ad883e-9a92-45ed-a540-a49c2d1c36dd,high,3M4ThdJR28z9eSMcQHAZ5G,The Fratellis,The Fratellis,f4ad883e-9a92-45ed-a540-a49c2d1c36dd,,reused balanced 100-band catalogue,agent_addition,,5,UK004F,Glasgow,2021,1831890,OECD/EU Functional Urban Area,https://data-explorer.oecd.org/vis?df%5Bag%5D=OECD.CFE.EDS&df%5Bds%5D=dsDisseminateFinalDMZ&df%5Bid%5D=DSD_FUA_DEMO%40DF_AGE_SEX&lc=en,True,The Fratellis,Glasgow,The Fratellis,4131358,958629,0,2026-07-18T20:40:00.993779+00:00,Spotify web-player queryArtistOverview,undocumented read-only web-client endpoint
A Flock of Seagulls,Liverpool,Liverpool,reviewed,existing_catalogue,https://musicbrainz.org/artist/aaa436da-b331-4e58-a0fd-3d64d090c120,high,0uAjBatvB4ubpd4kCfjmNt,A Flock Of Seagulls,A Flock Of Seagulls,aaa436da-b331-4e58-a0fd-3d64d090c120,,reused balanced 100-band catalogue,agent_addition,,6,UK006F,Liverpool,2021,1540817,OECD/EU Functional Urban Area,https://data-explorer.oecd.org/vis?df%5Bag%5D=OECD.CFE.EDS&df%5Bds%5D=dsDisseminateFinalDMZ&df%5Bid%5D=DSD_FUA_DEMO%40DF_AGE_SEX&lc=en,True,A Flock of Seagulls,Liverpool,A Flock Of Seagulls,4670482,774464,0,2026-07-18T20:40:00.993779+00:00,Spotify web-player queryArtistOverview,undocumented read-only web-client endpoint
Atomic Kitten,Liverpool,Liverpool,reviewed,existing_catalogue,https://musicbrainz.org/artist/6fda00c2-449a-4bf4-838f-038d41a07c73,high,6JMHws5haIO6V35YNYDnDw,Atomic Kitten,Atomic Kitten,6fda00c2-449a-4bf4-838f-038d41a07c73,,reused balanced 100-band catalogue,agent_addition,Formally eligible group; pop editorial review.,6,UK006F,Liverpool,2021,1540817,OECD/EU Functional Urban Area,https://data-explorer.oecd.org/vis?df%5Bag%5D=OECD.CFE.EDS&df%5Bds%5D=dsDisseminateFinalDMZ&df%5Bid%5D=DSD_FUA_DEMO%40DF_AGE_SEX&lc=en,True,Atomic Kitten,Liverpool,Atomic Kitten,2751716,525204,0,2026-07-18T20:40:00.993779+00:00,Spotify web-player queryArtistOverview,undocumented read-only web-client endpoint
Dead or Alive,Liverpool,Liverpool,reviewed,existing_catalogue,https://musicbrainz.org/artist/98720123-fcec-47be-9e88-29a310fb2942,high,5WWSL6rElJeUk3Uc1S2RyD,Dead Or Alive,Dead or Alive,98720123-fcec-47be-9e88-29a310fb2942,,reused balanced 100-band catalogue,agent_addition,,6,UK006F,Liverpool,2021,1540817,OECD/EU Functional Urban Area,https://data-explorer.oecd.org/vis?df%5Bag%5D=OECD.CFE.EDS&df%5Bds%5D=dsDisseminateFinalDMZ&df%5Bid%5D=DSD_FUA_DEMO%40DF_AGE_SEX&lc=en,True,Dead or Alive,Liverpool,Dead Or Alive,3275455,490402,0,2026-07-18T20:40:00.993779+00:00,Spotify web-player queryArtistOverview,undocumented read-only web-client endpoint
Echo & the Bunnymen,Liverpool,Liverpool,reviewed,existing_catalogue,https://musicbrainz.org/artist/ccd4879c-5e88-4385-b131-bf65296bf245,high,0fgYKF9Avljex0L9Wt5b8Z,Echo & the Bunnymen,Echo & the Bunnymen,ccd4879c-5e88-4385-b131-bf65296bf245,,reused balanced 100-band catalogue,existing_shortlist,,6,UK006F,Liverpool,2021,1540817,OECD/EU Functional Urban Area,https://data-explorer.oecd.org/vis?df%5Bag%5D=OECD.CFE.EDS&df%5Bds%5D=dsDisseminateFinalDMZ&df%5Bid%5D=DSD_FUA_DEMO%40DF_AGE_SEX&lc=en,True,Echo & the Bunnymen,Liverpool,Echo & the Bunnymen,2210172,1120606,0,2026-07-18T20:40:00.993779+00:00,Spotify web-player queryArtistOverview,undocumented read-only web-client endpoint
Frankie Goes to Hollywood,Liverpool,Liverpool,reviewed,existing_catalogue,https://musicbrainz.org/artist/c09c8263-40ef-4352-8031-e438b1ce68fc,high,1mZu3rO7qSD09GdDpePHhY,Frankie Goes To Hollywood,Frankie Goes to Hollywood,c09c8263-40ef-4352-8031-e438b1ce68fc,,reused balanced 100-band catalogue,existing_shortlist,,6,UK006F,Liverpool,2021,1540817,OECD/EU Functional Urban Area,https://data-explorer.oecd.org/vis?df%5Bag%5D=OECD.CFE.EDS&df%5Bds%5D=dsDisseminateFinalDMZ&df%5Bid%5D=DSD_FUA_DEMO%40DF_AGE_SEX&lc=en,True,Frankie Goes to Hollywood,Liverpool,Frankie Goes To Hollywood,2758706,960764,0,2026-07-18T20:40:00.993779+00:00,Spotify web-player queryArtistOverview,undocumented read-only web-client endpoint
Gerry and the Pacemakers,Liverpool,Liverpool,reviewed,existing_catalogue,https://musicbrainz.org/artist/fe5fb618-2f8b-4158-92b6-464f31672bca,high,3UmBeGyNwr4iDWi1vTxWi8,Gerry & The Pacemakers,Gerry & The Pacemakers,fe5fb618-2f8b-4158-92b6-464f31672bca,,reused balanced 100-band catalogue,agent_addition,,6,UK006F,Liverpool,2021,1540817,OECD/EU Functional Urban Area,https://data-explorer.oecd.org/vis?df%5Bag%5D=OECD.CFE.EDS&df%5Bds%5D=dsDisseminateFinalDMZ&df%5Bid%5D=DSD_FUA_DEMO%40DF_AGE_SEX&lc=en,True,Gerry and the Pacemakers,Liverpool,Gerry & The Pacemakers,1163214,313722,0,2026-07-18T20:40:00.993779+00:00,Spotify web-player queryArtistOverview,undocumented read-only web-client endpoint
The Beatles,Liverpool,Liverpool,reviewed,existing_catalogue,https://musicbrainz.org/artist/b10bbbfc-cf9e-42e0-be17-e2c3e1d2600d,high,3WrFJ7ztbogyGnTHbHJFl2,The Beatles,The Beatles,b10bbbfc-cf9e-42e0-be17-e2c3e1d2600d,,reused balanced 100-band catalogue,existing_shortlist,,6,UK006F,Liverpool,2021,1540817,OECD/EU Functional Urban Area,https://data-explorer.oecd.org/vis?df%5Bag%5D=OECD.CFE.EDS&df%5Bds%5D=dsDisseminateFinalDMZ&df%5Bid%5D=DSD_FUA_DEMO%40DF_AGE_SEX&lc=en,True,The Beatles,Liverpool,The Beatles,37927636,32385954,137,2026-07-18T20:40:00.993779+00:00,Spotify web-player queryArtistOverview,undocumented read-only web-client endpoint
The La's,Liverpool,Liverpool,reviewed,existing_catalogue,https://musicbrainz.org/artist/ff3e88b3-7354-4f30-967c-1a61ebc8c642,high,47Z8LEl3LnQkcpva0xSthT,The La's,The La's,ff3e88b3-7354-4f30-967c-1a61ebc8c642,,reused balanced 100-band catalogue,existing_shortlist,,6,UK006F,Liverpool,2021,1540817,OECD/EU Functional Urban Area,https://data-explorer.oecd.org/vis?df%5Bag%5D=OECD.CFE.EDS&df%5Bds%5D=dsDisseminateFinalDMZ&df%5Bid%5D=DSD_FUA_DEMO%40DF_AGE_SEX&lc=en,True,The La's,Liverpool,The La's,5581915,320009,0,2026-07-18T20:40:00.993779+00:00,Spotify web-player queryArtistOverview,undocumented read-only web-client endpoint
The Lightning Seeds,Liverpool,Liverpool,reviewed,existing_catalogue,https://musicbrainz.org/artist/1ba601a0-3401-4b28-8ddd-9af8203661e8,high,67YNiSqhrx1P8oPvIIvbP5,The Lightning Seeds,The Lightning Seeds,1ba601a0-3401-4b28-8ddd-9af8203661e8,,reused balanced 100-band catalogue,agent_addition,MusicBrainz treats this as a group but it began as Ian Broudie's studio project.,6,UK006F,Liverpool,2021,1540817,OECD/EU Functional Urban Area,https://data-explorer.oecd.org/vis?df%5Bag%5D=OECD.CFE.EDS&df%5Bds%5D=dsDisseminateFinalDMZ&df%5Bid%5D=DSD_FUA_DEMO%40DF_AGE_SEX&lc=en,True,The Lightning Seeds,Liverpool,The Lightning Seeds,1037603,189073,0,2026-07-18T20:40:00.993779+00:00,Spotify web-player queryArtistOverview,undocumented read-only web-client endpoint
The Wombats,Liverpool,Liverpool,reviewed,existing_catalogue,https://musicbrainz.org/artist/e105c272-b5d7-4135-82ef-d60bded54345,high,0Ya43ZKWHTKkAbkoJJkwIB,The Wombats,The Wombats,e105c272-b5d7-4135-82ef-d60bded54345,,reused balanced 100-band catalogue,existing_shortlist,,6,UK006F,Liverpool,2021,1540817,OECD/EU Functional Urban Area,https://data-explorer.oecd.org/vis?df%5Bag%5D=OECD.CFE.EDS&df%5Bds%5D=dsDisseminateFinalDMZ&df%5Bid%5D=DSD_FUA_DEMO%40DF_AGE_SEX&lc=en,True,The Wombats,Liverpool,The Wombats,2884656,1143548,0,2026-07-18T20:40:00.993779+00:00,Spotify web-player queryArtistOverview,undocumented read-only web-client endpoint
Field Music,Newcastle,Sunderland,reviewed,exact,https://www.wikidata.org/wiki/Q1411559,high,5P1tdwsQdI6z9MXXfmYRDS,,Field Music,,Q1411559,top-20 city candidate review,Wikidata and MusicBrainz,Sunderland is included in the Newcastle Functional Urban Area.,7,UK013F,Newcastle upon Tyne,2021,1173303,OECD/EU Functional Urban Area,https://data-explorer.oecd.org/vis?df%5Bag%5D=OECD.CFE.EDS&df%5Bds%5D=dsDisseminateFinalDMZ&df%5Bid%5D=DSD_FUA_DEMO%40DF_AGE_SEX&lc=en,True,Field Music,Newcastle,Field Music,10829,39708,0,2026-07-18T20:40:00.993779+00:00,Spotify web-player queryArtistOverview,undocumented read-only web-client endpoint
Lanterns on the Lake,Newcastle,Newcastle upon Tyne,reviewed,exact,https://www.wikidata.org/wiki/Q14158905,high,7sx3r4lMo079vO7lIi0fng,,Lanterns on the Lake,,Q14158905,top-20 city candidate review,Wikidata and MusicBrainz,,7,UK013F,Newcastle upon Tyne,2021,1173303,OECD/EU Functional Urban Area,https://data-explorer.oecd.org/vis?df%5Bag%5D=OECD.CFE.EDS&df%5Bds%5D=dsDisseminateFinalDMZ&df%5Bid%5D=DSD_FUA_DEMO%40DF_AGE_SEX&lc=en,True,Lanterns on the Lake,Newcastle,Lanterns on the Lake,43202,38093,0,2026-07-18T20:40:00.993779+00:00,Spotify web-player queryArtistOverview,undocumented read-only web-client endpoint
Lighthouse Family,Newcastle,Newcastle upon Tyne,reviewed,exact,https://www.wikidata.org/wiki/Q707351,high,6edGSAX5dVpeJVwu1Q0NwJ,,Lighthouse Family,,Q707351,top-20 city candidate review,Wikidata and MusicBrainz,,7,UK013F,Newcastle upon Tyne,2021,1173303,OECD/EU Functional Urban Area,https://data-explorer.oecd.org/vis?df%5Bag%5D=OECD.CFE.EDS&df%5Bds%5D=dsDisseminateFinalDMZ&df%5Bid%5D=DSD_FUA_DEMO%40DF_AGE_SEX&lc=en,True,Lighthouse Family,Newcastle,Lighthouse Family,2921952,660194,0,2026-07-18T20:40:00.993779+00:00,Spotify web-player queryArtistOverview,undocumented read-only web-client endpoint
Little Comets,Newcastle,Jarrow,reviewed,exact,https://www.itv.com/news/tyne-tees/2015-02-20/north-east-indie-group-little-comets-break-top-20,high,7cfhZmKaLWzNLwHDxzugUH,,Little Comets,,Q4166250,top-20 city candidate review,manual origin review,"ITV documents members from Jarrow and Washington; the frozen OECD crosswalk assigns South Tyneside, including Jarrow, to Newcastle FUA.",7,UK013F,Newcastle upon Tyne,2021,1173303,OECD/EU Functional Urban Area,https://data-explorer.oecd.org/vis?df%5Bag%5D=OECD.CFE.EDS&df%5Bds%5D=dsDisseminateFinalDMZ&df%5Bid%5D=DSD_FUA_DEMO%40DF_AGE_SEX&lc=en,True,Little Comets,Newcastle,Little Comets,47976,80242,0,2026-07-18T20:40:00.993779+00:00,Spotify web-player queryArtistOverview,undocumented read-only web-client endpoint
Maxïmo Park,Newcastle,Newcastle upon Tyne,reviewed,exact,https://www.wikidata.org/wiki/Q833332,high,048FBwXjFYBWxSggPDipic,,Maxïmo Park,,Q833332,top-20 city candidate review,Wikidata and MusicBrainz,,7,UK013F,Newcastle upon Tyne,2021,1173303,OECD/EU Functional Urban Area,https://data-explorer.oecd.org/vis?df%5Bag%5D=OECD.CFE.EDS&df%5Bds%5D=dsDisseminateFinalDMZ&df%5Bid%5D=DSD_FUA_DEMO%40DF_AGE_SEX&lc=en,True,Maxïmo Park,Newcastle,Maximo Park,411159,259584,0,2026-07-18T20:40:00.993779+00:00,Spotify web-player queryArtistOverview,undocumented read-only web-client endpoint
Pigs Pigs Pigs Pigs Pigs Pigs Pigs,Newcastle,Newcastle upon Tyne,reviewed,exact,https://www.wikidata.org/wiki/Q93962241,high,1F7QDWyZTLGzkyGLgFjEhU,,Pigs Pigs Pigs Pigs Pigs Pigs Pigs,,Q93962241,top-20 city candidate review,Wikidata and MusicBrainz,,7,UK013F,Newcastle upon Tyne,2021,1173303,OECD/EU Functional Urban Area,https://data-explorer.oecd.org/vis?df%5Bag%5D=OECD.CFE.EDS&df%5Bds%5D=dsDisseminateFinalDMZ&df%5Bid%5D=DSD_FUA_DEMO%40DF_AGE_SEX&lc=en,True,Pigs Pigs Pigs Pigs Pigs Pigs Pigs,Newcastle,Pigs Pigs Pigs Pigs Pigs Pigs Pigs,37035,72472,0,2026-07-18T20:40:00.993779+00:00,Spotify web-player queryArtistOverview,undocumented read-only web-client endpoint
The Animals,Newcastle,Newcastle upon Tyne,reviewed,exact,https://www.wikidata.org/wiki/Q131422,high,3ICflSq6ZgYAIrm2CTkfVP,,The Animals,,Q131422,top-20 city candidate review,Wikidata and MusicBrainz,,7,UK013F,Newcastle upon Tyne,2021,1173303,OECD/EU Functional Urban Area,https://data-explorer.oecd.org/vis?df%5Bag%5D=OECD.CFE.EDS&df%5Bds%5D=dsDisseminateFinalDMZ&df%5Bid%5D=DSD_FUA_DEMO%40DF_AGE_SEX&lc=en,True,The Animals,Newcastle,The Animals,12324330,2812173,0,2026-07-18T20:40:00.993779+00:00,Spotify web-player queryArtistOverview,undocumented read-only web-client endpoint
The Futureheads,Newcastle,Sunderland,reviewed,exact,https://www.wikidata.org/wiki/Q141703,high,3TBfn8PtXr42OrTPaoC3E8,,The Futureheads,,Q141703,top-20 city candidate review,Wikidata and MusicBrainz,Sunderland is included in the Newcastle Functional Urban Area.,7,UK013F,Newcastle upon Tyne,2021,1173303,OECD/EU Functional Urban Area,https://data-explorer.oecd.org/vis?df%5Bag%5D=OECD.CFE.EDS&df%5Bds%5D=dsDisseminateFinalDMZ&df%5Bid%5D=DSD_FUA_DEMO%40DF_AGE_SEX&lc=en,True,The Futureheads,Newcastle,The Futureheads,175654,108938,0,2026-07-18T20:40:00.993779+00:00,Spotify web-player queryArtistOverview,undocumented read-only web-client endpoint
The Wildhearts,Newcastle,Newcastle upon Tyne,reviewed,exact,https://www.wikidata.org/wiki/Q4347440,high,6bz0ztmnpeofmoFksV3DqL,,The Wildhearts,,Q4347440,top-20 city candidate review,Wikidata and MusicBrainz,,7,UK013F,Newcastle upon Tyne,2021,1173303,OECD/EU Functional Urban Area,https://data-explorer.oecd.org/vis?df%5Bag%5D=OECD.CFE.EDS&df%5Bds%5D=dsDisseminateFinalDMZ&df%5Bid%5D=DSD_FUA_DEMO%40DF_AGE_SEX&lc=en,True,The Wildhearts,Newcastle,The Wildhearts,25540,40815,0,2026-07-18T20:40:00.993779+00:00,Spotify web-player queryArtistOverview,undocumented read-only web-client endpoint
Venom,Newcastle,Newcastle upon Tyne,reviewed,exact,https://www.wikidata.org/wiki/Q192861,high,5fwaejlOHVBAw1KhIPPaQe,,Venom,,Q192861,top-20 city candidate review,Wikidata and MusicBrainz,,7,UK013F,Newcastle upon Tyne,2021,1173303,OECD/EU Functional Urban Area,https://data-explorer.oecd.org/vis?df%5Bag%5D=OECD.CFE.EDS&df%5Bds%5D=dsDisseminateFinalDMZ&df%5Bid%5D=DSD_FUA_DEMO%40DF_AGE_SEX&lc=en,True,Venom,Newcastle,Venom,203523,617815,0,2026-07-18T20:40:00.993779+00:00,Spotify web-player queryArtistOverview,undocumented read-only web-client endpoint
ABC,Sheffield,Sheffield,reviewed,existing_catalogue,https://musicbrainz.org/artist/87199477-b0df-4ead-84ee-9b54b4abfc3d,high,2s79xe5F6eUQkjwjww27Fh,ABC,ABC,87199477-b0df-4ead-84ee-9b54b4abfc3d,,reused balanced 100-band catalogue,agent_addition,,8,UK010F,Sheffield,2021,1168389,OECD/EU Functional Urban Area,https://data-explorer.oecd.org/vis?df%5Bag%5D=OECD.CFE.EDS&df%5Bds%5D=dsDisseminateFinalDMZ&df%5Bid%5D=DSD_FUA_DEMO%40DF_AGE_SEX&lc=en,True,ABC,Sheffield,ABC,1028147,431631,0,2026-07-18T20:40:00.993779+00:00,Spotify web-player queryArtistOverview,undocumented read-only web-client endpoint
Arctic Monkeys,Sheffield,Sheffield,reviewed,existing_catalogue,https://musicbrainz.org/artist/ada7a83c-e3e1-40f1-93f9-3e73dbc9298a,high,7Ln80lUS6He07XvHI8qqHH,Arctic Monkeys,Arctic Monkeys,ada7a83c-e3e1-40f1-93f9-3e73dbc9298a,,reused balanced 100-band catalogue,existing_shortlist,,8,UK010F,Sheffield,2021,1168389,OECD/EU Functional Urban Area,https://data-explorer.oecd.org/vis?df%5Bag%5D=OECD.CFE.EDS&df%5Bds%5D=dsDisseminateFinalDMZ&df%5Bid%5D=DSD_FUA_DEMO%40DF_AGE_SEX&lc=en,True,Arctic Monkeys,Sheffield,Arctic Monkeys,52301870,35028298,61,2026-07-18T20:40:00.993779+00:00,Spotify web-player queryArtistOverview,undocumented read-only web-client endpoint
Bring Me The Horizon,Sheffield,Sheffield,reviewed,existing_catalogue,https://musicbrainz.org/artist/074e3847-f67f-49f9-81f1-8c8cea147e8e,high,1Ffb6ejR6Fe5IamqA5oRUF,Bring Me The Horizon,Bring Me The Horizon,074e3847-f67f-49f9-81f1-8c8cea147e8e,,reused balanced 100-band catalogue,existing_shortlist,,8,UK010F,Sheffield,2021,1168389,OECD/EU Functional Urban Area,https://data-explorer.oecd.org/vis?df%5Bag%5D=OECD.CFE.EDS&df%5Bds%5D=dsDisseminateFinalDMZ&df%5Bid%5D=DSD_FUA_DEMO%40DF_AGE_SEX&lc=en,True,Bring Me The Horizon,Sheffield,Bring Me The Horizon,13707032,7131475,0,2026-07-18T20:40:00.993779+00:00,Spotify web-player queryArtistOverview,undocumented read-only web-client endpoint
Cabaret Voltaire,Sheffield,Sheffield,reviewed,existing_catalogue,https://musicbrainz.org/artist/439a29ad-f4ef-4857-a7cd-3d4a551056c8,high,2kS4yz85MaZlxp2VaS3BEe,Cabaret Voltaire,Cabaret Voltaire,439a29ad-f4ef-4857-a7cd-3d4a551056c8,,reused balanced 100-band catalogue,agent_addition,,8,UK010F,Sheffield,2021,1168389,OECD/EU Functional Urban Area,https://data-explorer.oecd.org/vis?df%5Bag%5D=OECD.CFE.EDS&df%5Bds%5D=dsDisseminateFinalDMZ&df%5Bid%5D=DSD_FUA_DEMO%40DF_AGE_SEX&lc=en,True,Cabaret Voltaire,Sheffield,Cabaret Voltaire,45473,118625,0,2026-07-18T20:40:00.993779+00:00,Spotify web-player queryArtistOverview,undocumented read-only web-client endpoint
Def Leppard,Sheffield,Sheffield,reviewed,existing_catalogue,https://musicbrainz.org/artist/7249b899-8db8-43e7-9e6e-22f1e736024e,high,6H1RjVyNruCmrBEWRbD0VZ,Def Leppard,Def Leppard,7249b899-8db8-43e7-9e6e-22f1e736024e,,reused balanced 100-band catalogue,existing_shortlist,,8,UK010F,Sheffield,2021,1168389,OECD/EU Functional Urban Area,https://data-explorer.oecd.org/vis?df%5Bag%5D=OECD.CFE.EDS&df%5Bds%5D=dsDisseminateFinalDMZ&df%5Bid%5D=DSD_FUA_DEMO%40DF_AGE_SEX&lc=en,True,Def Leppard,Sheffield,Def Leppard,10792689,6056540,0,2026-07-18T20:40:00.993779+00:00,Spotify web-player queryArtistOverview,undocumented read-only web-client endpoint
Heaven 17,Sheffield,Sheffield,reviewed,existing_catalogue,https://musicbrainz.org/artist/0796f847-09ca-4526-b17e-44390dd536ba,high,5PYuBRQMHh7nWmdV076sH9,Heaven 17,Heaven 17,0796f847-09ca-4526-b17e-44390dd536ba,,reused balanced 100-band catalogue,agent_addition,,8,UK010F,Sheffield,2021,1168389,OECD/EU Functional Urban Area,https://data-explorer.oecd.org/vis?df%5Bag%5D=OECD.CFE.EDS&df%5Bds%5D=dsDisseminateFinalDMZ&df%5Bid%5D=DSD_FUA_DEMO%40DF_AGE_SEX&lc=en,True,Heaven 17,Sheffield,Heaven 17,342911,273309,0,2026-07-18T20:40:00.993779+00:00,Spotify web-player queryArtistOverview,undocumented read-only web-client endpoint
Moloko,Sheffield,Sheffield,reviewed,existing_catalogue,https://musicbrainz.org/artist/2f94016a-3880-4d8c-9af9-0e197ee77189,high,4aaBjq7VqqQvpSF69GglvO,Moloko,Moloko,2f94016a-3880-4d8c-9af9-0e197ee77189,,reused balanced 100-band catalogue,agent_addition,,8,UK010F,Sheffield,2021,1168389,OECD/EU Functional Urban Area,https://data-explorer.oecd.org/vis?df%5Bag%5D=OECD.CFE.EDS&df%5Bds%5D=dsDisseminateFinalDMZ&df%5Bid%5D=DSD_FUA_DEMO%40DF_AGE_SEX&lc=en,True,Moloko,Sheffield,Moloko,2507932,516418,0,2026-07-18T20:40:00.993779+00:00,Spotify web-player queryArtistOverview,undocumented read-only web-client endpoint
Pulp,Sheffield,Sheffield,reviewed,existing_catalogue,https://musicbrainz.org/artist/76b2e842-5e85-4c97-ab62-d5bc315595b5,high,36E7oYfz3LLRto6l2WmDcD,Pulp,Pulp,76b2e842-5e85-4c97-ab62-d5bc315595b5,,reused balanced 100-band catalogue,existing_shortlist,,8,UK010F,Sheffield,2021,1168389,OECD/EU Functional Urban Area,https://data-explorer.oecd.org/vis?df%5Bag%5D=OECD.CFE.EDS&df%5Bds%5D=dsDisseminateFinalDMZ&df%5Bid%5D=DSD_FUA_DEMO%40DF_AGE_SEX&lc=en,True,Pulp,Sheffield,Pulp,2830863,1164307,0,2026-07-18T20:40:00.993779+00:00,Spotify web-player queryArtistOverview,undocumented read-only web-client endpoint
The Human League,Sheffield,Sheffield,reviewed,existing_catalogue,https://musicbrainz.org/artist/7adaabfb-acfb-47bc-8c7c-59471c2f0db8,high,1aX2dmV8XoHYCOQRxjPESG,The Human League,The Human League,7adaabfb-acfb-47bc-8c7c-59471c2f0db8,,reused balanced 100-band catalogue,existing_shortlist,,8,UK010F,Sheffield,2021,1168389,OECD/EU Functional Urban Area,https://data-explorer.oecd.org/vis?df%5Bag%5D=OECD.CFE.EDS&df%5Bds%5D=dsDisseminateFinalDMZ&df%5Bid%5D=DSD_FUA_DEMO%40DF_AGE_SEX&lc=en,True,The Human League,Sheffield,The Human League,6085844,1370364,0,2026-07-18T20:40:00.993779+00:00,Spotify web-player queryArtistOverview,undocumented read-only web-client endpoint
Thompson Twins,Sheffield,Sheffield,reviewed,existing_catalogue,https://musicbrainz.org/artist/228af6b5-f691-4ed2-a63b-10cc6fcc1144,high,5jVeqi3PNaTOajfvBa4uFn,Thompson Twins,Thompson Twins,228af6b5-f691-4ed2-a63b-10cc6fcc1144,,reused balanced 100-band catalogue,agent_addition,,8,UK010F,Sheffield,2021,1168389,OECD/EU Functional Urban Area,https://data-explorer.oecd.org/vis?df%5Bag%5D=OECD.CFE.EDS&df%5Bds%5D=dsDisseminateFinalDMZ&df%5Bid%5D=DSD_FUA_DEMO%40DF_AGE_SEX&lc=en,True,Thompson Twins,Sheffield,Thompson Twins,2069490,750750,0,2026-07-18T20:40:00.993779+00:00,Spotify web-player queryArtistOverview,undocumented read-only web-client endpoint
Fuck Buttons,Bristol,Bristol,reviewed,existing_catalogue,https://musicbrainz.org/artist/f4640b20-b76b-40d3-9ffc-a38b6718b273,high,6tCENAD2FBfIMyygJMeOJV,Fuck Buttons,Fuck Buttons,f4640b20-b76b-40d3-9ffc-a38b6718b273,,reused balanced 100-band catalogue,agent_addition,,9,UK011F,Bristol,2021,979556,OECD/EU Functional Urban Area,https://data-explorer.oecd.org/vis?df%5Bag%5D=OECD.CFE.EDS&df%5Bds%5D=dsDisseminateFinalDMZ&df%5Bid%5D=DSD_FUA_DEMO%40DF_AGE_SEX&lc=en,True,Fuck Buttons,Bristol,Fuck Buttons,23928,63138,0,2026-07-18T20:40:00.993779+00:00,Spotify web-player queryArtistOverview,undocumented read-only web-client endpoint
Idles,Bristol,Bristol,reviewed,existing_catalogue,https://musicbrainz.org/artist/be465d4f-c28d-4ba1-94ab-ebaada7db8af,high,75mafsNqNE1WSEVxIKuY5C,IDLES,IDLES,be465d4f-c28d-4ba1-94ab-ebaada7db8af,,reused balanced 100-band catalogue,existing_shortlist,,9,UK011F,Bristol,2021,979556,OECD/EU Functional Urban Area,https://data-explorer.oecd.org/vis?df%5Bag%5D=OECD.CFE.EDS&df%5Bds%5D=dsDisseminateFinalDMZ&df%5Bid%5D=DSD_FUA_DEMO%40DF_AGE_SEX&lc=en,True,Idles,Bristol,IDLES,1060008,893225,0,2026-07-18T20:40:00.993779+00:00,Spotify web-player queryArtistOverview,undocumented read-only web-client endpoint
Kosheen,Bristol,Bristol,reviewed,existing_catalogue,https://musicbrainz.org/artist/4f4bda3c-d636-4135-b65a-6cc26bc75788,high,5squ8uM6fhMQY71t9xobJC,Kosheen,Kosheen,4f4bda3c-d636-4135-b65a-6cc26bc75788,,reused balanced 100-band catalogue,existing_shortlist,,9,UK011F,Bristol,2021,979556,OECD/EU Functional Urban Area,https://data-explorer.oecd.org/vis?df%5Bag%5D=OECD.CFE.EDS&df%5Bds%5D=dsDisseminateFinalDMZ&df%5Bid%5D=DSD_FUA_DEMO%40DF_AGE_SEX&lc=en,True,Kosheen,Bristol,Kosheen,1391320,161015,0,2026-07-18T20:40:00.993779+00:00,Spotify web-player queryArtistOverview,undocumented read-only web-client endpoint
Massive Attack,Bristol,Bristol,reviewed,existing_catalogue,https://musicbrainz.org/artist/10adbe5e-a2c0-4bf3-8249-2b4cbf6e6ca8,high,6FXMGgJwohJLUSr5nVlf9X,Massive Attack,Massive Attack,10adbe5e-a2c0-4bf3-8249-2b4cbf6e6ca8,,reused balanced 100-band catalogue,existing_shortlist,,9,UK011F,Bristol,2021,979556,OECD/EU Functional Urban Area,https://data-explorer.oecd.org/vis?df%5Bag%5D=OECD.CFE.EDS&df%5Bds%5D=dsDisseminateFinalDMZ&df%5Bid%5D=DSD_FUA_DEMO%40DF_AGE_SEX&lc=en,True,Massive Attack,Bristol,Massive Attack,8692931,2943616,0,2026-07-18T20:40:00.993779+00:00,Spotify web-player queryArtistOverview,undocumented read-only web-client endpoint
Portishead,Bristol,Bristol,reviewed,existing_catalogue,https://musicbrainz.org/artist/8f6bd1e4-fbe1-4f50-aa9b-94c450ec0f11,high,6liAMWkVf5LH7YR9yfFy1Y,Portishead,Portishead,8f6bd1e4-fbe1-4f50-aa9b-94c450ec0f11,,reused balanced 100-band catalogue,existing_shortlist,,9,UK011F,Bristol,2021,979556,OECD/EU Functional Urban Area,https://data-explorer.oecd.org/vis?df%5Bag%5D=OECD.CFE.EDS&df%5Bds%5D=dsDisseminateFinalDMZ&df%5Bid%5D=DSD_FUA_DEMO%40DF_AGE_SEX&lc=en,True,Portishead,Bristol,Portishead,5958911,2540792,0,2026-07-18T20:40:00.993779+00:00,Spotify web-player queryArtistOverview,undocumented read-only web-client endpoint
Roni Size / Reprazent,Bristol,Bristol,reviewed,existing_catalogue,https://musicbrainz.org/artist/45e00f0f-f52b-4db8-a480-cf87b71c4800,high,0QJsUBH0PcoT2fYI1F1Oee,Roni Size Reprazent,Roni Size / Reprazent,45e00f0f-f52b-4db8-a480-cf87b71c4800,,reused balanced 100-band catalogue,agent_addition,Formally eligible named group; drum-and-bass editorial review.,9,UK011F,Bristol,2021,979556,OECD/EU Functional Urban Area,https://data-explorer.oecd.org/vis?df%5Bag%5D=OECD.CFE.EDS&df%5Bds%5D=dsDisseminateFinalDMZ&df%5Bid%5D=DSD_FUA_DEMO%40DF_AGE_SEX&lc=en,True,Roni Size / Reprazent,Bristol,Roni Size Reprazent,306,1053,0,2026-07-18T20:40:00.993779+00:00,Spotify web-player queryArtistOverview,undocumented read-only web-client endpoint
Smith & Mighty,Bristol,Bristol,reviewed,existing_catalogue,https://musicbrainz.org/artist/47cfcf6b-44d5-4a8d-ad12-47722c88468c,high,5fegFJAeq9eItFZf8oPIin,Smith & Mighty,Smith & Mighty,47cfcf6b-44d5-4a8d-ad12-47722c88468c,,reused balanced 100-band catalogue,eligibility_replacement,Replaces solo artist Tricky in the independent scene-depth catalogue.,9,UK011F,Bristol,2021,979556,OECD/EU Functional Urban Area,https://data-explorer.oecd.org/vis?df%5Bag%5D=OECD.CFE.EDS&df%5Bds%5D=dsDisseminateFinalDMZ&df%5Bid%5D=DSD_FUA_DEMO%40DF_AGE_SEX&lc=en,True,Smith & Mighty,Bristol,Smith & Mighty,50307,13250,0,2026-07-18T20:40:00.993779+00:00,Spotify web-player queryArtistOverview,undocumented read-only web-client endpoint
The Blue Aeroplanes,Bristol,Bristol,reviewed,existing_catalogue,https://musicbrainz.org/artist/935295a6-8b6c-4de6-819c-da5113dac8fc,high,4MTSrVgHNfGtYV9pek8vY5,The Blue Aeroplanes,The Blue Aeroplanes,935295a6-8b6c-4de6-819c-da5113dac8fc,,reused balanced 100-band catalogue,agent_addition,,9,UK011F,Bristol,2021,979556,OECD/EU Functional Urban Area,https://data-explorer.oecd.org/vis?df%5Bag%5D=OECD.CFE.EDS&df%5Bds%5D=dsDisseminateFinalDMZ&df%5Bid%5D=DSD_FUA_DEMO%40DF_AGE_SEX&lc=en,True,The Blue Aeroplanes,Bristol,The Blue Aeroplanes,16407,13722,0,2026-07-18T20:40:00.993779+00:00,Spotify web-player queryArtistOverview,undocumented read-only web-client endpoint
The Pop Group,Bristol,Bristol,reviewed,existing_catalogue,https://musicbrainz.org/artist/4c9f194e-6235-475a-bf7b-2fd54a0879ec,high,3fBmq4xVcd346QvErp6fko,The Pop Group,The Pop Group,4c9f194e-6235-475a-bf7b-2fd54a0879ec,,reused balanced 100-band catalogue,agent_addition,,9,UK011F,Bristol,2021,979556,OECD/EU Functional Urban Area,https://data-explorer.oecd.org/vis?df%5Bag%5D=OECD.CFE.EDS&df%5Bds%5D=dsDisseminateFinalDMZ&df%5Bid%5D=DSD_FUA_DEMO%40DF_AGE_SEX&lc=en,True,The Pop Group,Bristol,The Pop Group,12022,34565,0,2026-07-18T20:40:00.993779+00:00,Spotify web-player queryArtistOverview,undocumented read-only web-client endpoint
Way Out West,Bristol,Bristol,reviewed,existing_catalogue,https://musicbrainz.org/artist/2c2a80cf-193d-4be6-992e-311428085474,high,3HghjRl8Mo6OJWG0WElY2z,Way Out West,Way Out West,2c2a80cf-193d-4be6-992e-311428085474,,reused balanced 100-band catalogue,agent_addition,,9,UK011F,Bristol,2021,979556,OECD/EU Functional Urban Area,https://data-explorer.oecd.org/vis?df%5Bag%5D=OECD.CFE.EDS&df%5Bds%5D=dsDisseminateFinalDMZ&df%5Bid%5D=DSD_FUA_DEMO%40DF_AGE_SEX&lc=en,True,Way Out West,Bristol,Way Out West,183677,50191,0,2026-07-18T20:40:00.993779+00:00,Spotify web-player queryArtistOverview,undocumented read-only web-client endpoint
Cornershop,Leicester,Leicester,reviewed,exact,https://www.wikidata.org/wiki/Q1134101,high,3Kf7VEIRWquxrNIuyJZnfF,,Cornershop,,Q1134101,top-20 city candidate review,Wikidata and MusicBrainz,,10,UK014F,Leicester,2021,922812,OECD/EU Functional Urban Area,https://data-explorer.oecd.org/vis?df%5Bag%5D=OECD.CFE.EDS&df%5Bds%5D=dsDisseminateFinalDMZ&df%5Bid%5D=DSD_FUA_DEMO%40DF_AGE_SEX&lc=en,True,Cornershop,Leicester,Cornershop,920853,85161,0,2026-07-18T20:40:00.993779+00:00,Spotify web-player queryArtistOverview,undocumented read-only web-client endpoint
Crazyhead,Leicester,Leicester,reviewed,exact,https://www.wikidata.org/wiki/Q950290,high,3gGaQo8fmPTSYUtiwwaBCF,,Crazyhead,,Q950290,top-20 city candidate review,Wikidata and MusicBrainz,,10,UK014F,Leicester,2021,922812,OECD/EU Functional Urban Area,https://data-explorer.oecd.org/vis?df%5Bag%5D=OECD.CFE.EDS&df%5Bds%5D=dsDisseminateFinalDMZ&df%5Bid%5D=DSD_FUA_DEMO%40DF_AGE_SEX&lc=en,True,Crazyhead,Leicester,Crazyhead,834,1168,0,2026-07-18T20:40:00.993779+00:00,Spotify web-player queryArtistOverview,undocumented read-only web-client endpoint
Diesel Park West,Leicester,Leicester,reviewed,exact,https://musicbrainz.org/artist/5fb75d1b-7841-4623-8e5d-825468b75850,high,0GErzC8ZI8EEGJ01vAbNCX,Diesel Park West,Diesel Park West,5fb75d1b-7841-4623-8e5d-825468b75850,,top-20 city candidate review,editorial candidate,,10,UK014F,Leicester,2021,922812,OECD/EU Functional Urban Area,https://data-explorer.oecd.org/vis?df%5Bag%5D=OECD.CFE.EDS&df%5Bds%5D=dsDisseminateFinalDMZ&df%5Bid%5D=DSD_FUA_DEMO%40DF_AGE_SEX&lc=en,True,Diesel Park West,Leicester,Diesel Park West,4789,2145,0,2026-07-18T20:40:00.993779+00:00,Spotify web-player queryArtistOverview,undocumented read-only web-client endpoint
Family,Leicester,Leicester,reviewed,exact,https://musicbrainz.org/artist/7745d370-9cf1-41be-916c-9c8d2e502628,high,0FtsBt4gg67x9q0CS5FhB6,Family,Family,7745d370-9cf1-41be-916c-9c8d2e502628,,top-20 city candidate review,editorial candidate,Ambiguous artist name requires an explicit Spotify identifier.,10,UK014F,Leicester,2021,922812,OECD/EU Functional Urban Area,https://data-explorer.oecd.org/vis?df%5Bag%5D=OECD.CFE.EDS&df%5Bds%5D=dsDisseminateFinalDMZ&df%5Bid%5D=DSD_FUA_DEMO%40DF_AGE_SEX&lc=en,True,Family,Leicester,Family,11707,16653,0,2026-07-18T20:40:00.993779+00:00,Spotify web-player queryArtistOverview,undocumented read-only web-client endpoint
Gaye Bykers on Acid,Leicester,Leicester,reviewed,exact,https://musicbrainz.org/artist/a3186bd5-e233-4118-8e30-015fd0a610a0,high,1JK7CE0ig3GPpTVIzFMgfJ,Gaye Bykers on Acid,Gaye Bykers on Acid,a3186bd5-e233-4118-8e30-015fd0a610a0,,top-20 city candidate review,editorial candidate,,10,UK014F,Leicester,2021,922812,OECD/EU Functional Urban Area,https://data-explorer.oecd.org/vis?df%5Bag%5D=OECD.CFE.EDS&df%5Bds%5D=dsDisseminateFinalDMZ&df%5Bid%5D=DSD_FUA_DEMO%40DF_AGE_SEX&lc=en,True,Gaye Bykers on Acid,Leicester,Gaye Bykers On Acid,799,2981,0,2026-07-18T20:40:00.993779+00:00,Spotify web-player queryArtistOverview,undocumented read-only web-client endpoint
Kasabian,Leicester,Leicester,reviewed,exact,https://www.wikidata.org/wiki/Q272517,high,11wRdbnoYqRddKBrpHt4Ue,,Kasabian,,Q272517,top-20 city candidate review,Wikidata and MusicBrainz,,10,UK014F,Leicester,2021,922812,OECD/EU Functional Urban Area,https://data-explorer.oecd.org/vis?df%5Bag%5D=OECD.CFE.EDS&df%5Bds%5D=dsDisseminateFinalDMZ&df%5Bid%5D=DSD_FUA_DEMO%40DF_AGE_SEX&lc=en,True,Kasabian,Leicester,Kasabian,3649101,1926968,0,2026-07-18T20:40:00.993779+00:00,Spotify web-player queryArtistOverview,undocumented read-only web-client endpoint
Maybeshewill,Leicester,Leicester,reviewed,exact,https://www.wikidata.org/wiki/Q545593,high,33qUIIydEBgWpe58IA0o61,,Maybeshewill,,Q545593,top-20 city candidate review,Wikidata and MusicBrainz,,10,UK014F,Leicester,2021,922812,OECD/EU Functional Urban Area,https://data-explorer.oecd.org/vis?df%5Bag%5D=OECD.CFE.EDS&df%5Bds%5D=dsDisseminateFinalDMZ&df%5Bid%5D=DSD_FUA_DEMO%40DF_AGE_SEX&lc=en,True,Maybeshewill,Leicester,Maybeshewill,5414,95611,0,2026-07-18T20:40:00.993779+00:00,Spotify web-player queryArtistOverview,undocumented read-only web-client endpoint
Prolapse,Leicester,Leicester,reviewed,exact,https://prolapse2.bandcamp.com/,high,2fXWTI5Hz7wg05oRqDLBwg,Prolapse,Prolapse,4b8cb083-b59a-43d6-a4e8-6bf089430b17,,top-20 city candidate review,manual identity and origin review,Official Bandcamp identifies Leicester formation.,10,UK014F,Leicester,2021,922812,OECD/EU Functional Urban Area,https://data-explorer.oecd.org/vis?df%5Bag%5D=OECD.CFE.EDS&df%5Bds%5D=dsDisseminateFinalDMZ&df%5Bid%5D=DSD_FUA_DEMO%40DF_AGE_SEX&lc=en,True,Prolapse,Leicester,Prolapse,1986,3893,0,2026-07-18T20:40:00.993779+00:00,Spotify web-player queryArtistOverview,undocumented read-only web-client endpoint
Showaddywaddy,Leicester,Leicester,reviewed,exact,https://www.showaddywaddy.net/biogs/history.html,high,3zIIUxcnIoUMouVQdphkeC,,Showaddywaddy,,Q731797,top-20 city candidate review,manual origin review,The band's official history identifies Leicester formation.,10,UK014F,Leicester,2021,922812,OECD/EU Functional Urban Area,https://data-explorer.oecd.org/vis?df%5Bag%5D=OECD.CFE.EDS&df%5Bds%5D=dsDisseminateFinalDMZ&df%5Bid%5D=DSD_FUA_DEMO%40DF_AGE_SEX&lc=en,True,Showaddywaddy,Leicester,Showaddywaddy,178641,93848,0,2026-07-18T20:40:00.993779+00:00,Spotify web-player queryArtistOverview,undocumented read-only web-client endpoint
hard life,Leicester,Leicester,reviewed,exact,https://www.allmusic.com/artist/hard-life-mn0004837245,high,7uwY65fDg3FVJ8MkJ5QuZK,,hard life,,,top-20 city candidate review,manual identity and origin review,AllMusic identifies Leicester formation; the same act previously released as Easy Life.,10,UK014F,Leicester,2021,922812,OECD/EU Functional Urban Area,https://data-explorer.oecd.org/vis?df%5Bag%5D=OECD.CFE.EDS&df%5Bds%5D=dsDisseminateFinalDMZ&df%5Bid%5D=DSD_FUA_DEMO%40DF_AGE_SEX&lc=en,True,hard life,Leicester,hard life,664952,342751,0,2026-07-18T20:40:00.993779+00:00,Spotify web-player queryArtistOverview,undocumented read-only web-client endpoint
