popularity_rank,capture_key,city,returned_spotify_id,spotify_name,monthly_listeners,followers,world_rank,stats_extracted_at_utc,source,source_access,requested_spotify_id,wikidata_qid,band_name,spotify_expected_name,formation_qid,formation_label,instance_label,country_label,identity_decision,origin_override,reason,source_url,identity_name_match,identity_status,identity_accepted,band_eligible,eligibility_status,requested_is_returned,redirect_duplicate,entity_duplicate,origin_cluster,origin_resolution
1,Coldplay [4gzpq5DPGxSnKTe4SA8HAU],,4gzpq5DPGxSnKTe4SA8HAU,Coldplay,92034104,64732379,11,2026-07-18T20:45:22.974241+00:00,Spotify web-player queryArtistOverview,undocumented read-only web-client endpoint,4gzpq5DPGxSnKTe4SA8HAU,Q45188,Coldplay,Coldplay,Q84,London,musical group,United Kingdom,,,,,True,accepted_exact_name,True,True,eligible_group_or_duo,True,False,False,London,reported_place
2,Arctic Monkeys [7Ln80lUS6He07XvHI8qqHH],,7Ln80lUS6He07XvHI8qqHH,Arctic Monkeys,52301870,35028298,61,2026-07-18T20:45:22.974241+00:00,Spotify web-player queryArtistOverview,undocumented read-only web-client endpoint,7Ln80lUS6He07XvHI8qqHH,Q170599,Arctic Monkeys,Arctic Monkeys,Q42448,Sheffield,musical group,United Kingdom,,,,,True,accepted_exact_name,True,True,eligible_group_or_duo,True,False,False,Sheffield,reported_place
3,Queen [1dfeR4HaWDbWqFHLkxsg1d],,1dfeR4HaWDbWqFHLkxsg1d,Queen,51601234,58004701,64,2026-07-18T20:45:22.974241+00:00,Spotify web-player queryArtistOverview,undocumented read-only web-client endpoint,1dfeR4HaWDbWqFHLkxsg1d,Q15862,Queen,Queen,Q84,London,musical group,United Kingdom,,,,,True,accepted_exact_name,True,True,eligible_group_or_duo,True,False,False,London,reported_place
4,Fleetwood Mac [08GQAI4eElDnROBrJRGE0X],,08GQAI4eElDnROBrJRGE0X,Fleetwood Mac,50959935,15546243,66,2026-07-18T20:45:22.974241+00:00,Spotify web-player queryArtistOverview,undocumented read-only web-client endpoint,08GQAI4eElDnROBrJRGE0X,Q106648,Fleetwood Mac,Fleetwood Mac,Q84,London,musical group,United Kingdom,,,,,True,accepted_exact_name,True,True,eligible_group_or_duo,True,False,False,London,reported_place
5,One Direction [4AK6F7OLvEQ5QYCBNiQWHq],,4AK6F7OLvEQ5QYCBNiQWHq,One Direction,45724043,41728665,86,2026-07-18T20:45:22.974241+00:00,Spotify web-player queryArtistOverview,undocumented read-only web-client endpoint,4AK6F7OLvEQ5QYCBNiQWHq,Q146027,One Direction,One Direction,Q84,London,musical group,United Kingdom,,,,,True,accepted_exact_name,True,True,eligible_group_or_duo,True,False,False,London,reported_place
6,Radiohead [4Z8W4fKeB5YxbusRsdQVPb],,4Z8W4fKeB5YxbusRsdQVPb,Radiohead,43168156,16613975,100,2026-07-18T20:45:22.974241+00:00,Spotify web-player queryArtistOverview,undocumented read-only web-client endpoint,4Z8W4fKeB5YxbusRsdQVPb,Q44190,Radiohead,Radiohead,Q321381,Abingdon-on-Thames,musical group,United Kingdom,,,,,True,accepted_exact_name,True,True,eligible_group_or_duo,True,False,False,Oxford,editorial_city_cluster
7,The Police [5NGO30tJxFlKixkPSgXcFE],,5NGO30tJxFlKixkPSgXcFE,The Police,39887109,8458469,121,2026-07-18T20:45:22.974241+00:00,Spotify web-player queryArtistOverview,undocumented read-only web-client endpoint,5NGO30tJxFlKixkPSgXcFE,Q178095,The Police,The Police,Q84,London,rock band,United Kingdom,,,,,True,accepted_exact_name,True,True,eligible_group_or_duo,True,False,False,London,reported_place
8,Oasis [2DaxqgrOhkeH0fpeiQq2f4],,2DaxqgrOhkeH0fpeiQq2f4,Oasis,39676473,13941515,124,2026-07-18T20:45:22.974241+00:00,Spotify web-player queryArtistOverview,undocumented read-only web-client endpoint,2DaxqgrOhkeH0fpeiQq2f4,Q382890,Oasis,Oasis,Q18125,Manchester,rock band,United Kingdom,,,,,True,accepted_exact_name,True,True,eligible_group_or_duo,True,False,False,Manchester,reported_place
9,Gorillaz [3AA28KZvwAUcZuOKwyblJQ],,3AA28KZvwAUcZuOKwyblJQ,Gorillaz,38173160,16369649,134,2026-07-18T20:45:22.974241+00:00,Spotify web-player queryArtistOverview,undocumented read-only web-client endpoint,3AA28KZvwAUcZuOKwyblJQ,Q189991,Gorillaz,Gorillaz,Q84,London,musical group|virtual band,United Kingdom,,,,,True,accepted_exact_name,True,True,eligible_group_or_duo,True,False,False,London,reported_place
10,The Beatles [3WrFJ7ztbogyGnTHbHJFl2],,3WrFJ7ztbogyGnTHbHJFl2,The Beatles,37927636,32385954,137,2026-07-18T20:45:22.974241+00:00,Spotify web-player queryArtistOverview,undocumented read-only web-client endpoint,3WrFJ7ztbogyGnTHbHJFl2,Q1299,The Beatles,The Beatles,Q24826,Liverpool,musical group,United Kingdom,,,,,True,accepted_exact_name,True,True,eligible_group_or_duo,True,False,False,Liverpool,reported_place
11,Clean Bandit [6MDME20pz9RveH9rEXvrOM],,6MDME20pz9RveH9rEXvrOM,Clean Bandit,35453400,6321202,156,2026-07-18T20:45:22.974241+00:00,Spotify web-player queryArtistOverview,undocumented read-only web-client endpoint,6MDME20pz9RveH9rEXvrOM,Q11838808,Clean Bandit,Clean Bandit,Q350,Cambridge,musical group,United Kingdom,,,,,True,accepted_exact_name,True,True,eligible_group_or_duo,True,False,False,Cambridge,reported_place
12,The Rolling Stones [22bE4uQ6baNwSHPVcDxLCe],,22bE4uQ6baNwSHPVcDxLCe,The Rolling Stones,30690194,16651560,204,2026-07-18T20:45:22.974241+00:00,Spotify web-player queryArtistOverview,undocumented read-only web-client endpoint,22bE4uQ6baNwSHPVcDxLCe,Q11036,The Rolling Stones,The Rolling Stones,Q84,London,band|musical group,United Kingdom,,,,,True,accepted_exact_name,True,True,eligible_group_or_duo,True,False,False,London,reported_place
13,Bee Gees [1LZEQNv7sE11VDY3SdxQeN],,1LZEQNv7sE11VDY3SdxQeN,Bee Gees,29286539,10121737,226,2026-07-18T20:45:22.974241+00:00,Spotify web-player queryArtistOverview,undocumented read-only web-client endpoint,1LZEQNv7sE11VDY3SdxQeN,Q133405,Bee Gees,Bee Gees,Q1995031,Los Hornos,musical group|musical trio|sibling musical trio|sibling trio,United Kingdom,,Redcliffe,"The archived Wikidata formation label Los Hornos is erroneous; the Bee Gees' official history places the group's naming and first record deal in Redcliffe, Queensland.",https://www.beegees.com/bee-gees-way-redcliffe-australia/,True,accepted_exact_name,True,True,eligible_group_or_duo,True,False,False,Redcliffe,reviewed_override
14,Glass Animals [4yvcSjfu4PC0CYQyLy4wSq],,4yvcSjfu4PC0CYQyLy4wSq,Glass Animals,27093208,4804844,271,2026-07-18T20:45:22.974241+00:00,Spotify web-player queryArtistOverview,undocumented read-only web-client endpoint,4yvcSjfu4PC0CYQyLy4wSq,Q16839267,Glass Animals,Glass Animals,Q34217,Oxford,musical group,United Kingdom,,,,,True,accepted_exact_name,True,True,eligible_group_or_duo,True,False,False,Oxford,reported_place
15,Pink Floyd [0k17h0D3J5VfsdmQ1iZtE9],,0k17h0D3J5VfsdmQ1iZtE9,Pink Floyd,26546155,24145634,282,2026-07-18T20:45:22.974241+00:00,Spotify web-player queryArtistOverview,undocumented read-only web-client endpoint,0k17h0D3J5VfsdmQ1iZtE9,Q2306,Pink Floyd,Pink Floyd,Q84,London,rock band,United Kingdom,,,,,True,accepted_exact_name,True,True,eligible_group_or_duo,True,False,False,London,reported_place
16,Dire Straits [0WwSkZ7LtFUFjGjMZBMt6T],,0WwSkZ7LtFUFjGjMZBMt6T,Dire Straits,26242776,9643393,290,2026-07-18T20:45:22.974241+00:00,Spotify web-player queryArtistOverview,undocumented read-only web-client endpoint,0WwSkZ7LtFUFjGjMZBMt6T,Q50040,Dire Straits,Dire Straits,Q2308650,Deptford,musical group,United Kingdom,,,,,True,accepted_exact_name,True,True,eligible_group_or_duo,True,False,False,London,editorial_city_cluster
17,Florence + the Machine [1moxjboGR7GNWYIMWsRjgG],,1moxjboGR7GNWYIMWsRjgG,Florence + The Machine,25836943,7587105,296,2026-07-18T20:45:22.974241+00:00,Spotify web-player queryArtistOverview,undocumented read-only web-client endpoint,1moxjboGR7GNWYIMWsRjgG,Q217360,Florence + the Machine,Florence + the Machine,Q84,London,rock band,United Kingdom,,,,,True,accepted_exact_name,True,True,eligible_group_or_duo,True,False,False,London,reported_place
18,The Cure [7bu3H8JO7d0UbMoVzbo70s],,7bu3H8JO7d0UbMoVzbo70s,The Cure,25827890,7492117,297,2026-07-18T20:45:22.974241+00:00,Spotify web-player queryArtistOverview,undocumented read-only web-client endpoint,7bu3H8JO7d0UbMoVzbo70s,Q484427,The Cure,The Cure,Q844908,Crawley,musical group,United Kingdom,,,,,True,accepted_exact_name,True,True,eligible_group_or_duo,True,False,False,Crawley,reported_place
19,Sade [47zz7sob9NUcODy0BTDvKx],,47zz7sob9NUcODy0BTDvKx,Sade,25528819,6060389,309,2026-07-18T20:45:22.974241+00:00,Spotify web-player queryArtistOverview,undocumented read-only web-client endpoint,47zz7sob9NUcODy0BTDvKx,Q658182,Sade,Sade,Q84,London,musical group,United Kingdom,,,,,True,accepted_exact_name,True,True,eligible_group_or_duo,True,False,False,London,reported_place
20,Disclosure [6nS5roXSAGhTGr34W6n7Et],,6nS5roXSAGhTGr34W6n7Et,Disclosure,25360907,2482964,314,2026-07-18T20:45:22.974241+00:00,Spotify web-player queryArtistOverview,undocumented read-only web-client endpoint,6nS5roXSAGhTGr34W6n7Et,Q1228440,Disclosure,Disclosure,Q1018418,Reigate,musical duo,United Kingdom,,,,,True,accepted_exact_name,True,True,eligible_group_or_duo,True,False,False,Reigate,reported_place
21,Tears for Fears [4bthk9UfsYUYdcFyqxmSUU],,4bthk9UfsYUYdcFyqxmSUU,Tears For Fears,23781006,4593372,338,2026-07-18T20:45:22.974241+00:00,Spotify web-player queryArtistOverview,undocumented read-only web-client endpoint,4bthk9UfsYUYdcFyqxmSUU,Q269091,Tears for Fears,Tears for Fears,Q22889,Bath,musical duo,United Kingdom,,,,,True,accepted_exact_name,True,True,eligible_group_or_duo,True,False,False,Bath,reported_place
22,Keane [53A0W3U0s8diEn9RhXQhVz],,53A0W3U0s8diEn9RhXQhVz,Keane,23259577,4211743,348,2026-07-18T20:45:22.974241+00:00,Spotify web-player queryArtistOverview,undocumented read-only web-client endpoint,53A0W3U0s8diEn9RhXQhVz,Q484311,Keane,Keane,Q737593,Battle,musical group,United Kingdom,,,,,True,accepted_exact_name,True,True,eligible_group_or_duo,True,False,False,Battle,reported_place
23,The Smiths [3yY2gUcIsjMr8hjo51PoJ8],,3yY2gUcIsjMr8hjo51PoJ8,The Smiths,22515532,8767855,367,2026-07-18T20:45:22.974241+00:00,Spotify web-player queryArtistOverview,undocumented read-only web-client endpoint,3yY2gUcIsjMr8hjo51PoJ8,Q180598,The Smiths,The Smiths,Q18125,Manchester,rock band,United Kingdom,,,,,True,accepted_exact_name,True,True,eligible_group_or_duo,True,False,False,Manchester,reported_place
24,Bastille [7EQ0qTo7fWT7DPxmxtSYEc],,7EQ0qTo7fWT7DPxmxtSYEc,Bastille,22166012,5786448,374,2026-07-18T20:45:22.974241+00:00,Spotify web-player queryArtistOverview,undocumented read-only web-client endpoint,7EQ0qTo7fWT7DPxmxtSYEc,Q689,Bastille,Bastille,Q84,London,musical group,United Kingdom,,,,,True,accepted_exact_name,True,True,eligible_group_or_duo,True,False,False,London,reported_place
25,Muse [12Chz98pHFMPJEknJQMWvI],,12Chz98pHFMPJEknJQMWvI,Muse,20942571,8949427,412,2026-07-18T20:45:22.974241+00:00,Spotify web-player queryArtistOverview,undocumented read-only web-client endpoint,12Chz98pHFMPJEknJQMWvI,Q22151,Muse,Muse,Q531311,Teignmouth,rock band,United Kingdom,,,,,True,accepted_exact_name,True,True,eligible_group_or_duo,True,False,False,Teignmouth,reported_place
26,Led Zeppelin [36QJpDe2go2KgaRleHCDTp],,36QJpDe2go2KgaRleHCDTp,Led Zeppelin,20605707,16927470,426,2026-07-18T20:45:22.974241+00:00,Spotify web-player queryArtistOverview,undocumented read-only web-client endpoint,36QJpDe2go2KgaRleHCDTp,Q2331,Led Zeppelin,Led Zeppelin,Q84,London,musical group|rock band,England,,,,,True,accepted_exact_name,True,True,eligible_group_or_duo,True,False,False,London,reported_place
27,The 1975 [3mIj9lX2MWuHmhNCA7LSCW],,3mIj9lX2MWuHmhNCA7LSCW,The 1975,18915018,8582651,493,2026-07-18T20:45:22.974241+00:00,Spotify web-player queryArtistOverview,undocumented read-only web-client endpoint,3mIj9lX2MWuHmhNCA7LSCW,Q2811247,The 1975,The 1975,Q2011497,Wilmslow,musical group,United Kingdom,,,,,True,accepted_exact_name,True,True,eligible_group_or_duo,True,False,False,Manchester,editorial_city_cluster
28,Electric Light Orchestra [7jefIIksOi1EazgRTfW2Pk],,7jefIIksOi1EazgRTfW2Pk,Electric Light Orchestra,18330664,4748870,0,2026-07-18T20:45:22.974241+00:00,Spotify web-player queryArtistOverview,undocumented read-only web-client endpoint,7jefIIksOi1EazgRTfW2Pk,Q218255,Electric Light Orchestra,Electric Light Orchestra,Q2256,Birmingham,musical group,United Kingdom,,,,,True,accepted_exact_name,True,True,eligible_group_or_duo,True,False,False,Birmingham,reported_place
29,Black Sabbath [5M52tdBnJaKSvOpJGz8mfZ],,5M52tdBnJaKSvOpJGz8mfZ,Black Sabbath,18288641,10711277,0,2026-07-18T20:45:22.974241+00:00,Spotify web-player queryArtistOverview,undocumented read-only web-client endpoint,5M52tdBnJaKSvOpJGz8mfZ,Q47670,Black Sabbath,Black Sabbath,Q2256,Birmingham,heavy metal band,United Kingdom,,,,,True,accepted_exact_name,True,True,eligible_group_or_duo,True,False,False,Birmingham,reported_place
30,The Outfield [1zxDewzd2j1ZdSBGaYcr0y],,1zxDewzd2j1ZdSBGaYcr0y,The Outfield,17941634,893650,0,2026-07-18T20:45:22.974241+00:00,Spotify web-player queryArtistOverview,undocumented read-only web-client endpoint,1zxDewzd2j1ZdSBGaYcr0y,Q2093178,The Outfield,The Outfield,Q18125,Manchester,musical group,United Kingdom,,London,The band's official biography describes it as London-based and rooted in London's East End; Manchester is unsupported.,https://theoutfield.com/bio,True,accepted_exact_name,True,True,eligible_group_or_duo,True,False,False,London,reviewed_override
31,Depeche Mode [762310PdDnwsDxAQxzQkfX],,762310PdDnwsDxAQxzQkfX,Depeche Mode,17667155,7949283,0,2026-07-18T20:45:22.974241+00:00,Spotify web-player queryArtistOverview,undocumented read-only web-client endpoint,762310PdDnwsDxAQxzQkfX,Q482964,Depeche Mode,Depeche Mode,Q216649,Basildon,musical group,United Kingdom,,,,,True,accepted_exact_name,True,True,eligible_group_or_duo,True,False,False,Basildon,reported_place
32,America [35U9lQaRWSQISxQAB94Meo],,35U9lQaRWSQISxQAB94Meo,America,17384987,2286400,0,2026-07-18T20:45:22.974241+00:00,Spotify web-player queryArtistOverview,undocumented read-only web-client endpoint,35U9lQaRWSQISxQAB94Meo,Q126852,America,America,Q84,London,musical group,United Kingdom,,,,,True,accepted_exact_name,True,True,eligible_group_or_duo,True,False,False,London,reported_place
33,The Verve [2cGwlqi3k18jFpUyTrsR84],,2cGwlqi3k18jFpUyTrsR84,The Verve,16374768,3001478,0,2026-07-18T20:45:22.974241+00:00,Spotify web-player queryArtistOverview,undocumented read-only web-client endpoint,2cGwlqi3k18jFpUyTrsR84,Q488916,The Verve,The Verve,Q208143,Wigan,musical group,United Kingdom,,,,,True,accepted_exact_name,True,True,eligible_group_or_duo,True,False,False,Manchester,editorial_city_cluster
34,Duran Duran [0lZoBs4Pzo7R89JM9lxwoT],,0lZoBs4Pzo7R89JM9lxwoT,Duran Duran,15134650,3958344,0,2026-07-18T20:45:22.974241+00:00,Spotify web-player queryArtistOverview,undocumented read-only web-client endpoint,0lZoBs4Pzo7R89JM9lxwoT,Q58381,Duran Duran,Duran Duran,Q2256,Birmingham,musical group,United Kingdom,,,,,True,accepted_exact_name,True,True,eligible_group_or_duo,True,False,False,Birmingham,reported_place
35,Eurythmics [0NKDgy9j66h3DLnN8qu1bB],,0NKDgy9j66h3DLnN8qu1bB,Eurythmics,14843560,2546395,0,2026-07-18T20:45:22.974241+00:00,Spotify web-player queryArtistOverview,undocumented read-only web-client endpoint,0NKDgy9j66h3DLnN8qu1bB,Q207706,Eurythmics,Eurythmics,Q188304,Sunderland,musical group,United Kingdom,,London,The duo formed in London; Sunderland is Dave Stewart's earlier home scene.,https://rockhall.com/wp-content/uploads/2024/03/Eurythmics_RNRHF_Final_2022-LR.pdf,True,accepted_exact_name,True,True,eligible_group_or_duo,True,False,False,London,reviewed_override
36,Little Mix [3e7awlrlDSwF3iM0WBjGMp],,3e7awlrlDSwF3iM0WBjGMp,Little Mix,14779473,12405563,0,2026-07-18T20:45:22.974241+00:00,Spotify web-player queryArtistOverview,undocumented read-only web-client endpoint,3e7awlrlDSwF3iM0WBjGMp,Q158419,Little Mix,Little Mix,Q21,England,girl group,United Kingdom,,London,Wikidata records only England; Apple Music records London as the formation place,https://music.apple.com/gb/artist/little-mix/477515548,True,accepted_exact_name,True,True,eligible_group_or_duo,True,False,False,London,reviewed_override
37,The Clash [3RGLhK1IP9jnYFH4BRFJBS],,3RGLhK1IP9jnYFH4BRFJBS,The Clash,14589467,3508323,0,2026-07-18T20:45:22.974241+00:00,Spotify web-player queryArtistOverview,undocumented read-only web-client endpoint,3RGLhK1IP9jnYFH4BRFJBS,Q125603,The Clash,The Clash,Q84,London,musical group|rock band,United Kingdom,,,,,True,accepted_exact_name,True,True,eligible_group_or_duo,True,False,False,London,reported_place
38,Mumford & Sons [3gd8FJtBJtkRxdfbTu19U2],,3gd8FJtBJtkRxdfbTu19U2,Mumford & Sons,14381934,6882187,0,2026-07-18T20:45:22.974241+00:00,Spotify web-player queryArtistOverview,undocumented read-only web-client endpoint,3gd8FJtBJtkRxdfbTu19U2,Q953918,Mumford & Sons,Mumford & Sons,Q84,London,musical group,United Kingdom,,,,,True,accepted_exact_name,True,True,eligible_group_or_duo,True,False,False,London,reported_place
39,Blur [7MhMgCo0Bl0Kukl93PZbYS],,7MhMgCo0Bl0Kukl93PZbYS,Blur,14009757,4274924,0,2026-07-18T20:45:22.974241+00:00,Spotify web-player queryArtistOverview,undocumented read-only web-client endpoint,7MhMgCo0Bl0Kukl93PZbYS,Q485820,Blur,Blur,Q84,London,musical group,United Kingdom,,,,,True,accepted_exact_name,True,True,eligible_group_or_duo,True,False,False,London,reported_place
40,Bring Me the Horizon [1Ffb6ejR6Fe5IamqA5oRUF],,1Ffb6ejR6Fe5IamqA5oRUF,Bring Me The Horizon,13707032,7131475,0,2026-07-18T20:45:22.974241+00:00,Spotify web-player queryArtistOverview,undocumented read-only web-client endpoint,1Ffb6ejR6Fe5IamqA5oRUF,Q494784,Bring Me the Horizon,Bring Me the Horizon,Q42448,Sheffield,musical group,United Kingdom,,,,,True,accepted_exact_name,True,True,eligible_group_or_duo,True,False,False,Sheffield,reported_place
41,Snow Patrol [3rIZMv9rysU7JkLzEaC5Jp],,3rIZMv9rysU7JkLzEaC5Jp,Snow Patrol,13274460,3465980,0,2026-07-18T20:45:22.974241+00:00,Spotify web-player queryArtistOverview,undocumented read-only web-client endpoint,3rIZMv9rysU7JkLzEaC5Jp,Q188407,Snow Patrol,Snow Patrol,Q123709,Dundee,musical group,Scotland,,,,,True,accepted_exact_name,True,True,eligible_group_or_duo,True,False,False,Dundee,reported_place
42,Spice Girls [0uq5PttqEjj3IH1bzwcrXF],,0uq5PttqEjj3IH1bzwcrXF,Spice Girls,12877807,4560204,0,2026-07-18T20:45:22.974241+00:00,Spotify web-player queryArtistOverview,undocumented read-only web-client endpoint,0uq5PttqEjj3IH1bzwcrXF,Q55641,Spice Girls,Spice Girls,Q84,London,girl group,United Kingdom,,,,,True,accepted_exact_name,True,True,eligible_group_or_duo,True,False,False,London,reported_place
43,The Animals [3ICflSq6ZgYAIrm2CTkfVP],,3ICflSq6ZgYAIrm2CTkfVP,The Animals,12324330,2812173,0,2026-07-18T20:45:22.974241+00:00,Spotify web-player queryArtistOverview,undocumented read-only web-client endpoint,3ICflSq6ZgYAIrm2CTkfVP,Q131422,The Animals,The Animals,Q1425428,Newcastle upon Tyne,musical group,United Kingdom,,,,,True,accepted_exact_name,True,True,eligible_group_or_duo,True,False,False,Newcastle upon Tyne,reported_place
44,Rudimental [4WN5naL3ofxrVBgFpguzKo],,4WN5naL3ofxrVBgFpguzKo,Rudimental,11737472,1462225,0,2026-07-18T20:45:22.974241+00:00,Spotify web-player queryArtistOverview,undocumented read-only web-client endpoint,4WN5naL3ofxrVBgFpguzKo,Q50971,Rudimental,Rudimental,Q205679,London Borough of Hackney,musical group,United Kingdom,,,,,True,accepted_exact_name,True,True,eligible_group_or_duo,True,False,False,London,editorial_city_cluster
45,Faithless [5T4UKHhr4HGIC0VzdZQtAE],,5T4UKHhr4HGIC0VzdZQtAE,Faithless,11726956,796754,0,2026-07-18T20:45:22.974241+00:00,Spotify web-player queryArtistOverview,undocumented read-only web-client endpoint,5T4UKHhr4HGIC0VzdZQtAE,Q542071,Faithless,Faithless,Q84,London,musical group,United Kingdom,,,,,True,accepted_exact_name,True,True,eligible_group_or_duo,True,False,False,London,reported_place
46,Disciples [5EehXjjMktLuJmbRsM7YfB],,5EehXjjMktLuJmbRsM7YfB,Disciples,11691137,299331,0,2026-07-18T20:45:22.974241+00:00,Spotify web-player queryArtistOverview,undocumented read-only web-client endpoint,5EehXjjMktLuJmbRsM7YfB,Q24025201,Disciples,Disciples,Q84,London,musical ensemble,United Kingdom,,,,,True,accepted_exact_name,True,True,eligible_group_or_duo,True,False,False,London,reported_place
47,Jungle [59oA5WbbQvomJz2BuRG071],,59oA5WbbQvomJz2BuRG071,Jungle,11614048,1886516,0,2026-07-18T20:45:22.974241+00:00,Spotify web-player queryArtistOverview,undocumented read-only web-client endpoint,59oA5WbbQvomJz2BuRG071,Q17405943,Jungle,Jungle,Q84,London,rock band,United Kingdom,,,,,True,accepted_exact_name,True,True,eligible_group_or_duo,True,False,False,London,reported_place
48,Bôa [5jTtGLk1mGFMY5lQOvJYUj],,5jTtGLk1mGFMY5lQOvJYUj,bôa,11444869,1380058,0,2026-07-18T20:45:22.974241+00:00,Spotify web-player queryArtistOverview,undocumented read-only web-client endpoint,5jTtGLk1mGFMY5lQOvJYUj,Q285481,Bôa,Bôa,Q84,London,rock band,United Kingdom,,,,,True,accepted_exact_name,True,True,eligible_group_or_duo,True,False,False,London,reported_place
49,Cutting Crew [3cniTumSiUysiPWXapGx1i],,3cniTumSiUysiPWXapGx1i,Cutting Crew,10972839,628518,0,2026-07-18T20:45:22.974241+00:00,Spotify web-player queryArtistOverview,undocumented read-only web-client endpoint,3cniTumSiUysiPWXapGx1i,Q977526,Cutting Crew,Cutting Crew,Q84,London,musical group,United Kingdom,,,,,True,accepted_exact_name,True,True,eligible_group_or_duo,True,False,False,London,reported_place
50,Franz Ferdinand [0XNa1vTidXlvJ2gHSsRi4A],,0XNa1vTidXlvJ2gHSsRi4A,Franz Ferdinand,10807735,3218082,0,2026-07-18T20:45:22.974241+00:00,Spotify web-player queryArtistOverview,undocumented read-only web-client endpoint,0XNa1vTidXlvJ2gHSsRi4A,Q173180,Franz Ferdinand,Franz Ferdinand,Q4093,Glasgow,musical group,United Kingdom,,,,,True,accepted_exact_name,True,True,eligible_group_or_duo,True,False,False,Glasgow,reported_place
51,Def Leppard [6H1RjVyNruCmrBEWRbD0VZ],,6H1RjVyNruCmrBEWRbD0VZ,Def Leppard,10792689,6056540,0,2026-07-18T20:45:22.974241+00:00,Spotify web-player queryArtistOverview,undocumented read-only web-client endpoint,6H1RjVyNruCmrBEWRbD0VZ,Q182890,Def Leppard,Def Leppard,Q42448,Sheffield,musical group,United Kingdom,,,,,True,accepted_exact_name,True,True,eligible_group_or_duo,True,False,False,Sheffield,reported_place
52,Pet Shop Boys [2ycnb8Er79LoH2AsR5ldjh],,2ycnb8Er79LoH2AsR5ldjh,Pet Shop Boys,10634217,2426999,0,2026-07-18T20:45:22.974241+00:00,Spotify web-player queryArtistOverview,undocumented read-only web-client endpoint,2ycnb8Er79LoH2AsR5ldjh,Q485625,Pet Shop Boys,Pet Shop Boys,Q84,London,male duo|musical duo,United Kingdom,,,,,True,accepted_exact_name,True,True,eligible_group_or_duo,True,False,False,London,reported_place
53,The Hollies [6waa8mKu91GjzD4NlONlNJ],,6waa8mKu91GjzD4NlONlNJ,The Hollies,10112715,1450461,0,2026-07-18T20:45:22.974241+00:00,Spotify web-player queryArtistOverview,undocumented read-only web-client endpoint,6waa8mKu91GjzD4NlONlNJ,Q282925,The Hollies,The Hollies,Q18125,Manchester,musical group,United Kingdom,,,,,True,accepted_exact_name,True,True,eligible_group_or_duo,True,False,False,Manchester,reported_place
54,Wham! [5lpH0xAS4fVfLkACg9DAuM],,5lpH0xAS4fVfLkACg9DAuM,Wham!,10018855,3400543,0,2026-07-18T20:45:22.974241+00:00,Spotify web-player queryArtistOverview,undocumented read-only web-client endpoint,5lpH0xAS4fVfLkACg9DAuM,Q744087,Wham!,Wham!,Q10996,Bushey,male duo|musical duo,United Kingdom,,,,,True,accepted_exact_name,True,True,eligible_group_or_duo,True,False,False,London,editorial_city_cluster
55,Two Door Cinema Club [536BYVgOnRky0xjsPT96zl],,536BYVgOnRky0xjsPT96zl,Two Door Cinema Club,9884423,2655723,0,2026-07-18T20:45:22.974241+00:00,Spotify web-player queryArtistOverview,undocumented read-only web-client endpoint,536BYVgOnRky0xjsPT96zl,Q777302,Two Door Cinema Club,Two Door Cinema Club,Q806551,Bangor,musical group,United Kingdom,,,,,True,accepted_exact_name,True,True,eligible_group_or_duo,True,False,False,Bangor,reported_place
56,The Stranglers [0RUEHcBiENFEqxgicqS2ig],,0RUEHcBiENFEqxgicqS2ig,The Stranglers,9836875,862339,0,2026-07-18T20:45:22.974241+00:00,Spotify web-player queryArtistOverview,undocumented read-only web-client endpoint,0RUEHcBiENFEqxgicqS2ig,Q1532854,The Stranglers,The Stranglers,Q213465,Guildford,musical group,United Kingdom,,,,,True,accepted_exact_name,True,True,eligible_group_or_duo,True,False,False,Guildford,reported_place
57,Simple Minds [6hN9F0iuULZYWXppob22Aj],,6hN9F0iuULZYWXppob22Aj,Simple Minds,9628717,2504682,0,2026-07-18T20:45:22.974241+00:00,Spotify web-player queryArtistOverview,undocumented read-only web-client endpoint,6hN9F0iuULZYWXppob22Aj,Q748836,Simple Minds,Simple Minds,Q4093,Glasgow,musical group,Scotland,,,,,True,accepted_exact_name,True,True,eligible_group_or_duo,True,False,False,Glasgow,reported_place
58,Bronski Beat [2wpWOzQE5TpA0dVnh5YD08],,2wpWOzQE5TpA0dVnh5YD08,Bronski Beat,9566679,730877,0,2026-07-18T20:45:22.974241+00:00,Spotify web-player queryArtistOverview,undocumented read-only web-client endpoint,2wpWOzQE5TpA0dVnh5YD08,Q927927,Bronski Beat,Bronski Beat,Q84,London,musical group,United Kingdom,,,,,True,accepted_exact_name,True,True,eligible_group_or_duo,True,False,False,London,reported_place
59,Seafret [4Ly0KABsxlx4fNj63zJTrF],,4Ly0KABsxlx4fNj63zJTrF,Seafret,9520023,1149369,0,2026-07-18T20:45:22.974241+00:00,Spotify web-player queryArtistOverview,undocumented read-only web-client endpoint,4Ly0KABsxlx4fNj63zJTrF,Q28109766,Seafret,Seafret,Q527391,Bridlington,musical group,United Kingdom,,,,,True,accepted_exact_name,True,True,eligible_group_or_duo,True,False,False,Bridlington,reported_place
60,Genesis [3CkvROUTQ6nRi9yQOcsB50],,3CkvROUTQ6nRi9yQOcsB50,Genesis,9434858,3958098,0,2026-07-18T20:45:22.974241+00:00,Spotify web-player queryArtistOverview,undocumented read-only web-client endpoint,3CkvROUTQ6nRi9yQOcsB50,Q151012,Genesis,Genesis,Q23276|Q909146,Godalming|Surrey,musical group,United Kingdom,,,,,True,accepted_exact_name,True,True,eligible_group_or_duo,True,False,False,Godalming,reviewed_multi_place_rule
61,Spandau Ballet [2urZrEdsq72kx0UzfYN8Yv],,2urZrEdsq72kx0UzfYN8Yv,Spandau Ballet,9335819,1587103,0,2026-07-18T20:45:22.974241+00:00,Spotify web-player queryArtistOverview,undocumented read-only web-client endpoint,2urZrEdsq72kx0UzfYN8Yv,Q16011,Spandau Ballet,Spandau Ballet,Q205817,London Borough of Islington,musical group,United Kingdom,,,,,True,accepted_exact_name,True,True,eligible_group_or_duo,True,False,False,London,editorial_city_cluster
62,UB40 [69MEO1AADKg1IZrq2XLzo5],,69MEO1AADKg1IZrq2XLzo5,UB40,9327767,2783787,0,2026-07-18T20:45:22.974241+00:00,Spotify web-player queryArtistOverview,undocumented read-only web-client endpoint,69MEO1AADKg1IZrq2XLzo5,Q560153,UB40,UB40,Q2256,Birmingham,musical group,United Kingdom,,,,,True,accepted_exact_name,True,True,eligible_group_or_duo,True,False,False,Birmingham,reported_place
63,The Chemical Brothers [1GhPHrq36VKCY3ucVaZCfo],,1GhPHrq36VKCY3ucVaZCfo,The Chemical Brothers,9143502,2435363,0,2026-07-18T20:45:22.974241+00:00,Spotify web-player queryArtistOverview,undocumented read-only web-client endpoint,1GhPHrq36VKCY3ucVaZCfo,Q208507,The Chemical Brothers,The Chemical Brothers,Q18125,Manchester,musical group,United Kingdom,,,,,True,accepted_exact_name,True,True,eligible_group_or_duo,True,False,False,Manchester,reported_place
64,Simply Red [1fa0cOhromAZdq2xRA4vv8],,1fa0cOhromAZdq2xRA4vv8,Simply Red,9097250,2960800,0,2026-07-18T20:45:22.974241+00:00,Spotify web-player queryArtistOverview,undocumented read-only web-client endpoint,1fa0cOhromAZdq2xRA4vv8,Q339430,Simply Red,Simply Red,Q18125,Manchester,musical group,United Kingdom,,,,,True,accepted_exact_name,True,True,eligible_group_or_duo,True,False,False,Manchester,reported_place
65,Jamiroquai [6J7biCazzYhU3gM9j1wfid],,6J7biCazzYhU3gM9j1wfid,Jamiroquai,9068742,3053662,0,2026-07-18T20:45:22.974241+00:00,Spotify web-player queryArtistOverview,undocumented read-only web-client endpoint,6J7biCazzYhU3gM9j1wfid,Q202041,Jamiroquai,Jamiroquai,Q84,London,musical group,United Kingdom,,,,,True,accepted_exact_name,True,True,eligible_group_or_duo,True,False,False,London,reported_place
66,Iron Maiden [6mdiAmATAx73kdxrNrnlao],,6mdiAmATAx73kdxrNrnlao,Iron Maiden,9029433,10931269,0,2026-07-18T20:45:22.974241+00:00,Spotify web-player queryArtistOverview,undocumented read-only web-client endpoint,6mdiAmATAx73kdxrNrnlao,Q42482,Iron Maiden,Iron Maiden,Q2750829,Leyton,musical group,United Kingdom,,,,,True,accepted_exact_name,True,True,eligible_group_or_duo,True,False,False,London,editorial_city_cluster
67,Toploader [6xeFne1rkxMhKSW3ipvkdV],,6xeFne1rkxMhKSW3ipvkdV,Toploader,8829850,146489,0,2026-07-18T20:45:22.974241+00:00,Spotify web-player queryArtistOverview,undocumented read-only web-client endpoint,6xeFne1rkxMhKSW3ipvkdV,Q1742953,Toploader,Toploader,Q208262,Eastbourne,musical group,United Kingdom,,,,,True,accepted_exact_name,True,True,eligible_group_or_duo,True,False,False,Eastbourne,reported_place
68,New Order [0yNLKJebCb8Aueb54LYya3],,0yNLKJebCb8Aueb54LYya3,New Order,8786188,2651294,0,2026-07-18T20:45:22.974241+00:00,Spotify web-player queryArtistOverview,undocumented read-only web-client endpoint,0yNLKJebCb8Aueb54LYya3,Q214990,New Order,New Order,Q47952,Salford,rock band,United Kingdom,,,,,True,accepted_exact_name,True,True,eligible_group_or_duo,True,False,False,Manchester,editorial_city_cluster
69,Massive Attack [6FXMGgJwohJLUSr5nVlf9X],,6FXMGgJwohJLUSr5nVlf9X,Massive Attack,8692931,2943616,0,2026-07-18T20:45:22.974241+00:00,Spotify web-player queryArtistOverview,undocumented read-only web-client endpoint,6FXMGgJwohJLUSr5nVlf9X,Q357418,Massive Attack,Massive Attack,Q23154,Bristol,musical group,United Kingdom,,,,,True,accepted_exact_name,True,True,eligible_group_or_duo,True,False,False,Bristol,reported_place
70,The Who [67ea9eGLXYMsO2eYQRui3w],,67ea9eGLXYMsO2eYQRui3w,The Who,8659112,6100346,0,2026-07-18T20:45:22.974241+00:00,Spotify web-player queryArtistOverview,undocumented read-only web-client endpoint,67ea9eGLXYMsO2eYQRui3w,Q93346,The Who,The Who,Q84,London,musical group,United Kingdom,,,,,True,accepted_exact_name,True,True,eligible_group_or_duo,True,False,False,London,reported_place
71,D-Block Europe [5VadK1havLhK1OpKYsXv9y],,5VadK1havLhK1OpKYsXv9y,D-Block Europe,8351560,1930307,0,2026-07-18T20:45:22.974241+00:00,Spotify web-player queryArtistOverview,undocumented read-only web-client endpoint,5VadK1havLhK1OpKYsXv9y,Q63313993,D-Block Europe,D-Block Europe,Q6537297,Lewisham,male duo|musical collective|musical duo,United Kingdom,,,,,True,accepted_exact_name,True,True,eligible_group_or_duo,True,False,False,London,editorial_city_cluster
72,alt-J [3XHO7cRUPCLOr6jwp8vsx5],,3XHO7cRUPCLOr6jwp8vsx5,alt-J,8110938,3499216,0,2026-07-18T20:45:22.974241+00:00,Spotify web-player queryArtistOverview,undocumented read-only web-client endpoint,3XHO7cRUPCLOr6jwp8vsx5,Q47996,alt-J,alt-J,Q39121,Leeds,musical group,United Kingdom,,,,,True,accepted_exact_name,True,True,eligible_group_or_duo,True,False,False,Leeds,reported_place
73,The Proclaimers [1A92IAcd7A6npCA33oGM5i],,1A92IAcd7A6npCA33oGM5i,The Proclaimers,8100195,438174,0,2026-07-18T20:45:22.974241+00:00,Spotify web-player queryArtistOverview,undocumented read-only web-client endpoint,1A92IAcd7A6npCA33oGM5i,Q289622,The Proclaimers,The Proclaimers,Q758624,Auchtermuchty,musical duo|twin brother duo,United Kingdom,,,,,True,accepted_exact_name,True,True,eligible_group_or_duo,True,False,False,Auchtermuchty,reported_place
74,Dexys Midnight Runners [4QTVePrFu1xuGM9K0kNXkk],,4QTVePrFu1xuGM9K0kNXkk,Dexys Midnight Runners,7999321,384886,0,2026-07-18T20:45:22.974241+00:00,Spotify web-player queryArtistOverview,undocumented read-only web-client endpoint,4QTVePrFu1xuGM9K0kNXkk,Q247259,Dexys Midnight Runners,Dexys Midnight Runners,Q2256,Birmingham,musical group,United Kingdom,,,,,True,accepted_exact_name,True,True,eligible_group_or_duo,True,False,False,Birmingham,reported_place
75,The Kinks [1SQRv42e4PjEYfPhS0Tk9E],,1SQRv42e4PjEYfPhS0Tk9E,The Kinks,7864488,2958309,0,2026-07-18T20:45:22.974241+00:00,Spotify web-player queryArtistOverview,undocumented read-only web-client endpoint,1SQRv42e4PjEYfPhS0Tk9E,Q188713,The Kinks,The Kinks,Q84,London,musical group,United Kingdom,,,,,True,accepted_exact_name,True,True,eligible_group_or_duo,True,False,False,London,reported_place
76,Supertramp [3JsMj0DEzyWc0VDlHuy9Bx],,3JsMj0DEzyWc0VDlHuy9Bx,Supertramp,7695790,4214119,0,2026-07-18T20:45:22.974241+00:00,Spotify web-player queryArtistOverview,undocumented read-only web-client endpoint,3JsMj0DEzyWc0VDlHuy9Bx,Q176457,Supertramp,Supertramp,Q84,London,musical group,United Kingdom,,,,,True,accepted_exact_name,True,True,eligible_group_or_duo,True,False,False,London,reported_place
77,Oh Wonder [5cIc3SBFuBLVxJz58W2tU9],,5cIc3SBFuBLVxJz58W2tU9,Oh Wonder,7552797,1128715,0,2026-07-18T20:45:22.974241+00:00,Spotify web-player queryArtistOverview,undocumented read-only web-client endpoint,5cIc3SBFuBLVxJz58W2tU9,Q21452721,Oh Wonder,Oh Wonder,Q84,London,musical duo,United Kingdom,,,,,True,accepted_exact_name,True,True,eligible_group_or_duo,True,False,False,London,reported_place
78,Goodboys [2nm38smINjms1LtczR0Cei],,2nm38smINjms1LtczR0Cei,Goodboys,7292613,130149,0,2026-07-18T20:45:22.974241+00:00,Spotify web-player queryArtistOverview,undocumented read-only web-client endpoint,2nm38smINjms1LtczR0Cei,Q65052503,Goodboys,Goodboys,Q84,London,musical group,United Kingdom,,,,,True,accepted_exact_name,True,True,eligible_group_or_duo,True,False,False,London,reported_place
79,The Wanted [2NhdGz9EDv2FeUw6udu2g1],,2NhdGz9EDv2FeUw6udu2g1,The Wanted,7143333,2480552,0,2026-07-18T20:45:22.974241+00:00,Spotify web-player queryArtistOverview,undocumented read-only web-client endpoint,2NhdGz9EDv2FeUw6udu2g1,Q34918,The Wanted,The Wanted,Q21,England,boy band|musical group,United Kingdom,,London,Wikidata records only England; Apple Music records London as the formation place,https://music.apple.com/us/artist/the-wanted/3445978,True,accepted_exact_name,True,True,eligible_group_or_duo,True,False,False,London,reviewed_override
80,Culture Club [6kz53iCdBSqhQCZ21CoLcc],,6kz53iCdBSqhQCZ21CoLcc,Culture Club,7076755,1913999,0,2026-07-18T20:45:22.974241+00:00,Spotify web-player queryArtistOverview,undocumented read-only web-client endpoint,6kz53iCdBSqhQCZ21CoLcc,Q50037,Culture Club,Culture Club,Q84,London,musical group,United Kingdom,,,,,True,accepted_exact_name,True,True,eligible_group_or_duo,True,False,False,London,reported_place
81,Deep Purple [568ZhdwyaiCyOGJRtNYhWf],,568ZhdwyaiCyOGJRtNYhWf,Deep Purple,6998809,6229490,0,2026-07-18T20:45:22.974241+00:00,Spotify web-player queryArtistOverview,undocumented read-only web-client endpoint,568ZhdwyaiCyOGJRtNYhWf,Q101505,Deep Purple,Deep Purple,Q21|Q84|Q9681,England|Hertford|London,rock band,United Kingdom,,,,,True,accepted_exact_name,True,True,eligible_group_or_duo,True,False,False,Hertford,reviewed_multi_place_rule
82,The Kooks [1GLtl8uqKmnyCWxHmw9tL4],,1GLtl8uqKmnyCWxHmw9tL4,The Kooks,6950019,2737101,0,2026-07-18T20:45:22.974241+00:00,Spotify web-player queryArtistOverview,undocumented read-only web-client endpoint,1GLtl8uqKmnyCWxHmw9tL4,Q211768,The Kooks,The Kooks,Q131491,Brighton,musical group,United Kingdom,,,,,True,accepted_exact_name,True,True,eligible_group_or_duo,True,False,False,Brighton,reported_place
83,La Roux [3K2zB87GZv1krx031en5VA],,3K2zB87GZv1krx031en5VA,La Roux,6858904,712440,0,2026-07-18T20:45:22.974241+00:00,Spotify web-player queryArtistOverview,undocumented read-only web-client endpoint,3K2zB87GZv1krx031en5VA,Q200002,La Roux,La Roux,Q84,London,musical group,United Kingdom,,,,,True,accepted_exact_name,True,True,eligible_group_or_duo,True,False,False,London,reported_place
84,10cc [6i6WlGzQtXtz7GcC5H5st5],,6i6WlGzQtXtz7GcC5H5st5,10cc,6808182,952868,0,2026-07-18T20:45:22.974241+00:00,Spotify web-player queryArtistOverview,undocumented read-only web-client endpoint,6i6WlGzQtXtz7GcC5H5st5,Q169145,10cc,10cc,Q18655,Stockport,musical group,United Kingdom,,,,,True,accepted_exact_name,True,True,eligible_group_or_duo,True,False,False,Manchester,editorial_city_cluster
85,CamelPhat [240wlM8vDrf6S4zCyzGj2W],,240wlM8vDrf6S4zCyzGj2W,CamelPhat,6543464,572358,0,2026-07-18T20:45:22.974241+00:00,Spotify web-player queryArtistOverview,undocumented read-only web-client endpoint,240wlM8vDrf6S4zCyzGj2W,Q21008079,CamelPhat,CamelPhat,Q24826,Liverpool,disc jockey|musical group,United Kingdom,,,,,True,accepted_exact_name,True,True,eligible_group_or_duo,True,False,False,Liverpool,reported_place
86,Take That [1XgFuvRd7r5g0h844A5ZUQ],,1XgFuvRd7r5g0h844A5ZUQ,Take That,6539015,1517488,0,2026-07-18T20:45:22.974241+00:00,Spotify web-player queryArtistOverview,undocumented read-only web-client endpoint,1XgFuvRd7r5g0h844A5ZUQ,Q152066,Take That,Take That,Q18125,Manchester,boy band,United Kingdom,,,,,True,accepted_exact_name,True,True,eligible_group_or_duo,True,False,False,Manchester,reported_place
87,Whitesnake [3UbyYnvNIT5DFXU4WgiGpP],,3UbyYnvNIT5DFXU4WgiGpP,Whitesnake,6249726,3532823,0,2026-07-18T20:45:22.974241+00:00,Spotify web-player queryArtistOverview,undocumented read-only web-client endpoint,3UbyYnvNIT5DFXU4WgiGpP,Q189965,Whitesnake,Whitesnake,Q171866,Middlesbrough,musical group,United Kingdom,,,,,True,accepted_exact_name,True,True,eligible_group_or_duo,True,False,False,Middlesbrough,reported_place
88,The Vamps [7gAppWoH7pcYmphCVTXkzs],,7gAppWoH7pcYmphCVTXkzs,The Vamps,6167219,5952843,0,2026-07-18T20:45:22.974241+00:00,Spotify web-player queryArtistOverview,undocumented read-only web-client endpoint,7gAppWoH7pcYmphCVTXkzs,Q15042553,The Vamps,The Vamps,Q21|Q84,England|London,musical group,United Kingdom,,,,,True,accepted_exact_name,True,True,eligible_group_or_duo,True,False,False,London,reported_place
89,The Human League [1aX2dmV8XoHYCOQRxjPESG],,1aX2dmV8XoHYCOQRxjPESG,The Human League,6085844,1370364,0,2026-07-18T20:45:22.974241+00:00,Spotify web-player queryArtistOverview,undocumented read-only web-client endpoint,1aX2dmV8XoHYCOQRxjPESG,Q730158,The Human League,The Human League,Q42448,Sheffield,musical group,United Kingdom,,,,,True,accepted_exact_name,True,True,eligible_group_or_duo,True,False,False,Sheffield,reported_place
90,The Pretenders [0GByy3DcfbQwDvXGCWmzv9],,0GByy3DcfbQwDvXGCWmzv9,Pretenders,6044974,1771319,0,2026-07-18T20:45:22.974241+00:00,Spotify web-player queryArtistOverview,undocumented read-only web-client endpoint,0GByy3DcfbQwDvXGCWmzv9,Q667389,The Pretenders,The Pretenders,Q204720,Hereford,musical group,United Kingdom,approve,,Spotify differs only by the leading article: The Pretenders / Pretenders,https://open.spotify.com/artist/0GByy3DcfbQwDvXGCWmzv9,True,accepted_reviewed_alias,True,True,eligible_group_or_duo,True,False,False,Hereford,reported_place
91,AlunaGeorge [2VAnyOxzJuSAj7XIuEOT38],,2VAnyOxzJuSAj7XIuEOT38,AlunaGeorge,6010368,456793,0,2026-07-18T20:45:22.974241+00:00,Spotify web-player queryArtistOverview,undocumented read-only web-client endpoint,2VAnyOxzJuSAj7XIuEOT38,Q10353,AlunaGeorge,AlunaGeorge,Q84,London,musical duo,United Kingdom,,,,,True,accepted_exact_name,True,True,eligible_group_or_duo,True,False,False,London,reported_place
92,Portishead [6liAMWkVf5LH7YR9yfFy1Y],,6liAMWkVf5LH7YR9yfFy1Y,Portishead,5958911,2540792,0,2026-07-18T20:45:22.974241+00:00,Spotify web-player queryArtistOverview,undocumented read-only web-client endpoint,6liAMWkVf5LH7YR9yfFy1Y,Q191352,Portishead,Portishead,Q23154,Bristol,musical group,United Kingdom,,,,,True,accepted_exact_name,True,True,eligible_group_or_duo,True,False,False,Bristol,reported_place
93,Frou Frou [6MUyqmIQ35inLjch0YzIEG],,6MUyqmIQ35inLjch0YzIEG,Frou Frou,5930276,419619,0,2026-07-18T20:45:22.974241+00:00,Spotify web-player queryArtistOverview,undocumented read-only web-client endpoint,6MUyqmIQ35inLjch0YzIEG,Q2629330,Frou Frou,Frou Frou,Q84,London,musical duo,United Kingdom,,,,,True,accepted_exact_name,True,True,eligible_group_or_duo,True,False,False,London,reported_place
94,Soft Cell [6aq8T2RcspxVOGgMrTzjWc],,6aq8T2RcspxVOGgMrTzjWc,Soft Cell,5766246,869007,0,2026-07-18T20:45:22.974241+00:00,Spotify web-player queryArtistOverview,undocumented read-only web-client endpoint,6aq8T2RcspxVOGgMrTzjWc,Q1329303,Soft Cell,Soft Cell,Q39121,Leeds,musical duo,United Kingdom,,,,,True,accepted_exact_name,True,True,eligible_group_or_duo,True,False,False,Leeds,reported_place
95,Stealers Wheel [7bPU7cvfoD20ixGD9Qnqki],,7bPU7cvfoD20ixGD9Qnqki,Stealers Wheel,5726001,253056,0,2026-07-18T20:45:22.974241+00:00,Spotify web-player queryArtistOverview,undocumented read-only web-client endpoint,7bPU7cvfoD20ixGD9Qnqki,Q283638,Stealers Wheel,Stealers Wheel,Q211870,Paisley,musical group,Scotland,,,,,True,accepted_exact_name,True,True,eligible_group_or_duo,True,False,False,Paisley,reported_place
96,Katrina and the Waves [2TzHIUhVpeeDxyJPpQfnV3],,2TzHIUhVpeeDxyJPpQfnV3,Katrina & The Waves,5671000,171867,0,2026-07-18T20:45:22.974241+00:00,Spotify web-player queryArtistOverview,undocumented read-only web-client endpoint,2TzHIUhVpeeDxyJPpQfnV3,Q934582,Katrina and the Waves,Katrina and the Waves,Q350,Cambridge,musical group,United Kingdom,approve,,Spotify uses an ampersand where Wikidata spells out and,https://open.spotify.com/artist/2TzHIUhVpeeDxyJPpQfnV3,True,accepted_reviewed_alias,True,True,eligible_group_or_duo,True,False,False,Cambridge,reported_place
97,LF System [0HxX6imltnNXJyQhu4nsiO],,0HxX6imltnNXJyQhu4nsiO,LF SYSTEM,5611864,113693,0,2026-07-18T20:45:22.974241+00:00,Spotify web-player queryArtistOverview,undocumented read-only web-client endpoint,0HxX6imltnNXJyQhu4nsiO,Q113022702,LF System,LF System,,,musical duo,Scotland|United Kingdom,,West Lothian,Wikidata formation place is missing; the artist's official biography describes both members as West Lothian natives,https://lfsystemmusic.com/about,True,accepted_exact_name,True,True,eligible_group_or_duo,True,False,False,West Lothian,reviewed_override
98,Everything but the Girl [13ccXrK7AmXb4TddMkE7jy],,13ccXrK7AmXb4TddMkE7jy,Everything But The Girl,5607393,480010,0,2026-07-18T20:45:22.974241+00:00,Spotify web-player queryArtistOverview,undocumented read-only web-client endpoint,13ccXrK7AmXb4TddMkE7jy,Q313779,Everything but the Girl,Everything but the Girl,Q128147,Kingston upon Hull,married couple|musical duo,United Kingdom,,,,,True,accepted_exact_name,True,True,eligible_group_or_duo,True,False,False,Kingston upon Hull,reported_place
99,The La's [47Z8LEl3LnQkcpva0xSthT],,47Z8LEl3LnQkcpva0xSthT,The La's,5581915,320009,0,2026-07-18T20:45:22.974241+00:00,Spotify web-player queryArtistOverview,undocumented read-only web-client endpoint,47Z8LEl3LnQkcpva0xSthT,Q1860769,The La's,The La's,Q24826,Liverpool,musical group,United Kingdom,,,,,True,accepted_exact_name,True,True,eligible_group_or_duo,True,False,False,Liverpool,reported_place
100,The xx [3iOvXCl6edW5Um0fXEBRXy],,3iOvXCl6edW5Um0fXEBRXy,The xx,5459918,3911861,0,2026-07-18T20:45:22.974241+00:00,Spotify web-player queryArtistOverview,undocumented read-only web-client endpoint,3iOvXCl6edW5Um0fXEBRXy,Q869367,The xx,The xx,Q84,London,musical group,United Kingdom,,,,,True,accepted_exact_name,True,True,eligible_group_or_duo,True,False,False,London,reported_place
101,The Cinematic Orchestra [32ogthv0BdaSMPml02X9YB],,32ogthv0BdaSMPml02X9YB,The Cinematic Orchestra,5329785,811495,0,2026-07-18T20:45:22.974241+00:00,Spotify web-player queryArtistOverview,undocumented read-only web-client endpoint,32ogthv0BdaSMPml02X9YB,Q1087300,The Cinematic Orchestra,The Cinematic Orchestra,Q84,London,musical group,United Kingdom,,,,,True,accepted_exact_name,True,True,eligible_group_or_duo,True,False,False,London,reported_place
102,Fine Young Cannibals [20p5D2KrE8CGuOjHtxsyTp],,20p5D2KrE8CGuOjHtxsyTp,Fine Young Cannibals,5309505,1018624,0,2026-07-18T20:45:22.974241+00:00,Spotify web-player queryArtistOverview,undocumented read-only web-client endpoint,20p5D2KrE8CGuOjHtxsyTp,Q14528,Fine Young Cannibals,Fine Young Cannibals,Q2256,Birmingham,musical group,United Kingdom,,,,,True,accepted_exact_name,True,True,eligible_group_or_duo,True,False,False,Birmingham,reported_place
103,Stereophonics [21UJ7PRWb3Etgsu99f8yo8],,21UJ7PRWb3Etgsu99f8yo8,Stereophonics,5187258,1843050,0,2026-07-18T20:45:22.974241+00:00,Spotify web-player queryArtistOverview,undocumented read-only web-client endpoint,21UJ7PRWb3Etgsu99f8yo8,Q28963,Stereophonics,Stereophonics,Q3365170,Cwmaman,musical group,Wales,,,,,True,accepted_exact_name,True,True,eligible_group_or_duo,True,False,False,Cwmaman,reported_place
104,Bush [78SHxLdtysAXgywQ4vE0Oa],,78SHxLdtysAXgywQ4vE0Oa,Bush,5127264,2264067,0,2026-07-18T20:45:22.974241+00:00,Spotify web-player queryArtistOverview,undocumented read-only web-client endpoint,78SHxLdtysAXgywQ4vE0Oa,Q247949,Bush,Bush,Q84,London,musical group,United Kingdom,,,,,True,accepted_exact_name,True,True,eligible_group_or_duo,True,False,False,London,reported_place
105,Cocteau Twins [5Wabl1lPdNOeIn0SQ5A1mp],,5Wabl1lPdNOeIn0SQ5A1mp,Cocteau Twins,5124023,1683661,0,2026-07-18T20:45:22.974241+00:00,Spotify web-player queryArtistOverview,undocumented read-only web-client endpoint,5Wabl1lPdNOeIn0SQ5A1mp,Q588820,Cocteau Twins,Cocteau Twins,Q617845,Grangemouth,musical group,United Kingdom,,,,,True,accepted_exact_name,True,True,eligible_group_or_duo,True,False,False,Grangemouth,reported_place
106,Bullet for My Valentine [7iWiAD5LLKyiox2grgfmUT],,7iWiAD5LLKyiox2grgfmUT,Bullet For My Valentine,5036374,3716305,0,2026-07-18T20:45:22.974241+00:00,Spotify web-player queryArtistOverview,undocumented read-only web-client endpoint,7iWiAD5LLKyiox2grgfmUT,Q485385,Bullet for My Valentine,Bullet for My Valentine,Q6497774,Bridgend,musical group,United Kingdom,,,,,True,accepted_exact_name,True,True,eligible_group_or_duo,True,False,False,Bridgend,reported_place
107,The Prodigy [4k1ELeJKT1ISyDv8JivPpB],,4k1ELeJKT1ISyDv8JivPpB,The Prodigy,5031555,3074898,0,2026-07-18T20:45:22.974241+00:00,Spotify web-player queryArtistOverview,undocumented read-only web-client endpoint,4k1ELeJKT1ISyDv8JivPpB,Q7256860,The Prodigy,The Prodigy,Q23240|Q676067,Braintree|Essex,musical group,United Kingdom,,,,,True,accepted_exact_name,True,True,eligible_group_or_duo,True,False,False,Braintree,reviewed_multi_place_rule
108,The Zombies [2jgPkn6LuUazBoBk6vvjh5],,2jgPkn6LuUazBoBk6vvjh5,The Zombies,5025277,1164571,0,2026-07-18T20:45:22.974241+00:00,Spotify web-player queryArtistOverview,undocumented read-only web-client endpoint,2jgPkn6LuUazBoBk6vvjh5,Q1163207,The Zombies,The Zombies,Q6226,St Albans,musical group,United Kingdom,,,,,True,accepted_exact_name,True,True,eligible_group_or_duo,True,False,False,St Albans,reported_place
109,Hot Chocolate [72VzFto8DYvKHocaHYNWSi],,72VzFto8DYvKHocaHYNWSi,Hot Chocolate,5017699,393132,0,2026-07-18T20:45:22.974241+00:00,Spotify web-player queryArtistOverview,undocumented read-only web-client endpoint,72VzFto8DYvKHocaHYNWSi,Q1368881,Hot Chocolate,Hot Chocolate,Q149556,West Hampstead,musical group,United Kingdom,,,,,True,accepted_exact_name,True,True,eligible_group_or_duo,True,False,False,London,editorial_city_cluster
110,The Alan Parsons Project [2m62cc253Xvd9qYQ8d2X3d],,2m62cc253Xvd9qYQ8d2X3d,The Alan Parsons Project,4991688,1804870,0,2026-07-18T20:45:22.974241+00:00,Spotify web-player queryArtistOverview,undocumented read-only web-client endpoint,2m62cc253Xvd9qYQ8d2X3d,Q533478,The Alan Parsons Project,The Alan Parsons Project,Q4093,Glasgow,musical group,United Kingdom,,London,Parsons and Woolfson met at Abbey Road and created the project in London.,https://www.the-alan-parsons-project.com/timeline,True,accepted_exact_name,True,True,eligible_group_or_duo,True,False,False,London,reviewed_override
111,Chase & Status [3jNkaOXasoc7RsxdchvEVq],,3jNkaOXasoc7RsxdchvEVq,Chase & Status,4913546,1285130,0,2026-07-18T20:45:22.974241+00:00,Spotify web-player queryArtistOverview,undocumented read-only web-client endpoint,3jNkaOXasoc7RsxdchvEVq,Q1067983,Chase & Status,Chase & Status,Q84,London,musical group,United Kingdom,,,,,True,accepted_exact_name,True,True,eligible_group_or_duo,True,False,False,London,reported_place
112,Wings [3sFhA6G1N0gG1pszb6kk1m],,3sFhA6G1N0gG1pszb6kk1m,Wings,4863252,1356305,0,2026-07-18T20:45:22.974241+00:00,Spotify web-player queryArtistOverview,undocumented read-only web-client endpoint,3sFhA6G1N0gG1pszb6kk1m,Q622988,Wings,Wings,Q21,England,musical group,United Kingdom,,,,,True,accepted_exact_name,True,True,eligible_group_or_duo,True,False,False,,unresolved_generic_or_missing
113,Hurts [3w4VAlllkAWI6m0AV0Gn6a],,3w4VAlllkAWI6m0AV0Gn6a,Hurts,4854547,380397,0,2026-07-18T20:45:22.974241+00:00,Spotify web-player queryArtistOverview,undocumented read-only web-client endpoint,3w4VAlllkAWI6m0AV0Gn6a,Q493042,Hurts,Hurts,Q18125,Manchester,male duo|musical duo|musical group,United Kingdom,,,,,True,accepted_exact_name,True,True,eligible_group_or_duo,True,False,False,Manchester,reported_place
114,Erasure [0z5DFXmhT4ZNzWElsM7V89],,0z5DFXmhT4ZNzWElsM7V89,Erasure,4832016,1261829,0,2026-07-18T20:45:22.974241+00:00,Spotify web-player queryArtistOverview,undocumented read-only web-client endpoint,0z5DFXmhT4ZNzWElsM7V89,Q484885,Erasure,Erasure,Q21,England,male duo|musical duo,United Kingdom,,,,,True,accepted_exact_name,True,True,eligible_group_or_duo,True,False,False,,unresolved_generic_or_missing
115,Chumbawamba [0TcYeHEK9sBtv7xPbKhzHz],,0TcYeHEK9sBtv7xPbKhzHz,Chumbawamba,4700579,225650,0,2026-07-18T20:45:22.974241+00:00,Spotify web-player queryArtistOverview,undocumented read-only web-client endpoint,0TcYeHEK9sBtv7xPbKhzHz,Q1089523,Chumbawamba,Chumbawamba,Q209096,Burnley,rock band,United Kingdom,,,,,True,accepted_exact_name,True,True,eligible_group_or_duo,True,False,False,Burnley,reported_place
116,A Flock of Seagulls [0uAjBatvB4ubpd4kCfjmNt],,0uAjBatvB4ubpd4kCfjmNt,A Flock Of Seagulls,4670482,774464,0,2026-07-18T20:45:22.974241+00:00,Spotify web-player queryArtistOverview,undocumented read-only web-client endpoint,0uAjBatvB4ubpd4kCfjmNt,Q300409,A Flock of Seagulls,A Flock of Seagulls,Q24826,Liverpool,musical group,United Kingdom,,,,,True,accepted_exact_name,True,True,eligible_group_or_duo,True,False,False,Liverpool,reported_place
117,Slowdive [72X6FHxaShda0XeQw3vbeF],,72X6FHxaShda0XeQw3vbeF,Slowdive,4658345,1560399,0,2026-07-18T20:45:22.974241+00:00,Spotify web-player queryArtistOverview,undocumented read-only web-client endpoint,72X6FHxaShda0XeQw3vbeF,Q1502037,Slowdive,Slowdive,Q161491,Reading,musical group,United Kingdom,,,,,True,accepted_exact_name,True,True,eligible_group_or_duo,True,False,False,Reading,reported_place
118,Supergrass [0sHeX8oQ6o7xic3wMf4NBU],,0sHeX8oQ6o7xic3wMf4NBU,Supergrass,4645328,719253,0,2026-07-18T20:45:22.974241+00:00,Spotify web-player queryArtistOverview,undocumented read-only web-client endpoint,0sHeX8oQ6o7xic3wMf4NBU,Q1120684,Supergrass,Supergrass,Q1997905,Wheatley,musical group,United Kingdom,,Oxford,Official Charts identifies Oxford; Wheatley is associated with the precursor band and members.,https://www.officialcharts.com/artist/9825/supergrass/,True,accepted_exact_name,True,True,eligible_group_or_duo,True,False,False,Oxford,reviewed_override
119,Cream [74oJ4qxwOZvX6oSsu1DGnw],,74oJ4qxwOZvX6oSsu1DGnw,Cream,4518268,2788886,0,2026-07-18T20:45:22.974241+00:00,Spotify web-player queryArtistOverview,undocumented read-only web-client endpoint,74oJ4qxwOZvX6oSsu1DGnw,Q203736,Cream,Cream,Q84,London,musical group,United Kingdom,,,,,True,accepted_exact_name,True,True,eligible_group_or_duo,True,False,False,London,reported_place
120,Motörhead [1DFr97A9HnbV3SKTJFu62M],,1DFr97A9HnbV3SKTJFu62M,Motörhead,4453633,4680274,0,2026-07-18T20:45:22.974241+00:00,Spotify web-player queryArtistOverview,undocumented read-only web-client endpoint,1DFr97A9HnbV3SKTJFu62M,Q19697,Motörhead,Motörhead,Q84,London,rock band,United Kingdom,,,,,True,accepted_exact_name,True,True,eligible_group_or_duo,True,False,False,London,reported_place
121,Yes [7AC976RDJzL2asmZuz7qil],,7AC976RDJzL2asmZuz7qil,Yes,4447983,2203167,0,2026-07-18T20:45:22.974241+00:00,Spotify web-player queryArtistOverview,undocumented read-only web-client endpoint,7AC976RDJzL2asmZuz7qil,Q184386,Yes,Yes,Q84,London,musical group,United Kingdom,,,,,True,accepted_exact_name,True,True,eligible_group_or_duo,True,False,False,London,reported_place
122,Nazareth [6fvN9GmMCVKb5LY0WsnjFP],,6fvN9GmMCVKb5LY0WsnjFP,Nazareth,4341186,1724966,0,2026-07-18T20:45:22.974241+00:00,Spotify web-player queryArtistOverview,undocumented read-only web-client endpoint,6fvN9GmMCVKb5LY0WsnjFP,Q683695,Nazareth,Nazareth,Q211950,Dunfermline,rock band,United Kingdom,,,,,True,accepted_exact_name,True,True,eligible_group_or_duo,True,False,False,Dunfermline,reported_place
123,Foals [6FQqZYVfTNQ1pCqfkwVFEa],,6FQqZYVfTNQ1pCqfkwVFEa,Foals,4201622,1504353,0,2026-07-18T20:45:22.974241+00:00,Spotify web-player queryArtistOverview,undocumented read-only web-client endpoint,6FQqZYVfTNQ1pCqfkwVFEa,Q728958,Foals,Foals,Q34217,Oxford,musical group,United Kingdom,,,,,True,accepted_exact_name,True,True,eligible_group_or_duo,True,False,False,Oxford,reported_place
124,SIDEWALKS AND SKELETONS [48nHO1cuTbpx4ELhChsxX1],,48nHO1cuTbpx4ELhChsxX1,Sidewalks and Skeletons,4198181,530960,0,2026-07-18T20:45:22.974241+00:00,Spotify web-player queryArtistOverview,undocumented read-only web-client endpoint,48nHO1cuTbpx4ELhChsxX1,Q58884625,SIDEWALKS AND SKELETONS,SIDEWALKS AND SKELETONS,,,musical group,United Kingdom,,,,,True,accepted_exact_name,True,True,eligible_group_or_duo,True,False,False,,unresolved_generic_or_missing
125,LSD [6IZ4ctovY9dl7bgHClAvKJ],,6IZ4ctovY9dl7bgHClAvKJ,LSD,4191261,387536,0,2026-07-18T20:45:22.974241+00:00,Spotify web-player queryArtistOverview,undocumented read-only web-client endpoint,6IZ4ctovY9dl7bgHClAvKJ,Q52397902,LSD,LSD,,,musical group,United Kingdom,,,,,True,accepted_exact_name,True,True,eligible_group_or_duo,True,False,False,,unresolved_generic_or_missing
126,Flo [0s4kXsjYeH0S1xRyVGN4NO],,0s4kXsjYeH0S1xRyVGN4NO,FLO,4183163,626883,0,2026-07-18T20:45:22.974241+00:00,Spotify web-player queryArtistOverview,undocumented read-only web-client endpoint,0s4kXsjYeH0S1xRyVGN4NO,Q111548374,Flo,Flo,,,musical group,United Kingdom,,,,,True,accepted_exact_name,True,True,eligible_group_or_duo,True,False,False,,unresolved_generic_or_missing
127,The Foundations [4GITZM5LCR2KcdlgEOrNLD],,4GITZM5LCR2KcdlgEOrNLD,The Foundations,4165829,169026,0,2026-07-18T20:45:22.974241+00:00,Spotify web-player queryArtistOverview,undocumented read-only web-client endpoint,4GITZM5LCR2KcdlgEOrNLD,Q1421054,The Foundations,The Foundations,Q84,London,musical group,United Kingdom,,,,,True,accepted_exact_name,True,True,eligible_group_or_duo,True,False,False,London,reported_place
128,Chvrches [3CjlHNtplJyTf9npxaPl5w],,3CjlHNtplJyTf9npxaPl5w,CHVRCHES,4152413,1434807,0,2026-07-18T20:45:22.974241+00:00,Spotify web-player queryArtistOverview,undocumented read-only web-client endpoint,3CjlHNtplJyTf9npxaPl5w,Q5118436,Chvrches,Chvrches,Q4093,Glasgow,musical group,United Kingdom,,,,,True,accepted_exact_name,True,True,eligible_group_or_duo,True,False,False,Glasgow,reported_place
129,Maribou State [7zrkALJ9ayRjzysp4QYoEg],,7zrkALJ9ayRjzysp4QYoEg,Maribou State,4147945,527128,0,2026-07-18T20:45:22.974241+00:00,Spotify web-player queryArtistOverview,undocumented read-only web-client endpoint,7zrkALJ9ayRjzysp4QYoEg,Q20711766,Maribou State,Maribou State,,,musical duo,United Kingdom,,,,,True,accepted_exact_name,True,True,eligible_group_or_duo,True,False,False,,unresolved_generic_or_missing
130,Joy Division [432R46LaYsJZV2Gmc4jUV5],,432R46LaYsJZV2Gmc4jUV5,Joy Division,4140711,2965374,0,2026-07-18T20:45:22.974241+00:00,Spotify web-player queryArtistOverview,undocumented read-only web-client endpoint,432R46LaYsJZV2Gmc4jUV5,Q172763,Joy Division,Joy Division,Q47952,Salford,musical group,United Kingdom,,,,,True,accepted_exact_name,True,True,eligible_group_or_duo,True,False,False,Manchester,editorial_city_cluster
131,Studio Killers [7avo0PmlW8O1YLEt9DnWQT],,7avo0PmlW8O1YLEt9DnWQT,Studio Killers,4136257,305458,0,2026-07-18T20:45:22.974241+00:00,Spotify web-player queryArtistOverview,undocumented read-only web-client endpoint,7avo0PmlW8O1YLEt9DnWQT,Q860988,Studio Killers,Studio Killers,Q145,United Kingdom,musical group|virtual band,United Kingdom,,,,,True,accepted_exact_name,True,True,eligible_group_or_duo,True,False,False,,unresolved_generic_or_missing
132,The Fratellis [3M4ThdJR28z9eSMcQHAZ5G],,3M4ThdJR28z9eSMcQHAZ5G,The Fratellis,4131358,958629,0,2026-07-18T20:45:22.974241+00:00,Spotify web-player queryArtistOverview,undocumented read-only web-client endpoint,3M4ThdJR28z9eSMcQHAZ5G,Q1127565,The Fratellis,The Fratellis,Q4093,Glasgow,musical group,United Kingdom,,,,,True,accepted_exact_name,True,True,eligible_group_or_duo,True,False,False,Glasgow,reported_place
133,Judas Priest [2tRsMl4eGxwoNabM08Dm4I],,2tRsMl4eGxwoNabM08Dm4I,Judas Priest,4112763,4744039,0,2026-07-18T20:45:22.974241+00:00,Spotify web-player queryArtistOverview,undocumented read-only web-client endpoint,2tRsMl4eGxwoNabM08Dm4I,Q83468,Judas Priest,Judas Priest,Q2256,Birmingham,heavy metal band,United Kingdom,,,,,True,accepted_exact_name,True,True,eligible_group_or_duo,True,False,False,Birmingham,reported_place
134,T. Rex [3dBVyJ7JuOMt4GE9607Qin],,3dBVyJ7JuOMt4GE9607Qin,T. Rex,4010971,1266989,0,2026-07-18T20:45:22.974241+00:00,Spotify web-player queryArtistOverview,undocumented read-only web-client endpoint,3dBVyJ7JuOMt4GE9607Qin,Q211770,T. Rex,T. Rex,Q84,London,rock band,United Kingdom,,,,,True,accepted_exact_name,True,True,eligible_group_or_duo,True,False,False,London,reported_place
135,Metronomy [54QMjE4toDfiCryzYWCpXX],,54QMjE4toDfiCryzYWCpXX,Metronomy,3971668,1135985,0,2026-07-18T20:45:22.974241+00:00,Spotify web-player queryArtistOverview,undocumented read-only web-client endpoint,54QMjE4toDfiCryzYWCpXX,Q151783,Metronomy,Metronomy,Q1007106,Totnes,musical group,United Kingdom,,,,,True,accepted_exact_name,True,True,eligible_group_or_duo,True,False,False,Totnes,reported_place
136,Talk Talk [7Fo8TAyGJr4VmhE68QamMf],,7Fo8TAyGJr4VmhE68QamMf,Talk Talk,3944807,712227,0,2026-07-18T20:45:22.974241+00:00,Spotify web-player queryArtistOverview,undocumented read-only web-client endpoint,7Fo8TAyGJr4VmhE68QamMf,Q595705,Talk Talk,Talk Talk,Q84,London,rock band,United Kingdom,,,,,True,accepted_exact_name,True,True,eligible_group_or_duo,True,False,False,London,reported_place
137,HONNE [0Vw76uk7P8yVtTClWyOhac],,0Vw76uk7P8yVtTClWyOhac,HONNE,3880260,1667711,0,2026-07-18T20:45:22.974241+00:00,Spotify web-player queryArtistOverview,undocumented read-only web-client endpoint,0Vw76uk7P8yVtTClWyOhac,Q20740961,HONNE,HONNE,,,musical duo,United Kingdom,,,,,True,accepted_exact_name,True,True,eligible_group_or_duo,True,False,False,,unresolved_generic_or_missing
138,Bananarama [3sc7iUG1Wwpwx7bHeZolgx],,3sc7iUG1Wwpwx7bHeZolgx,Bananarama,3805410,929042,0,2026-07-18T20:45:22.974241+00:00,Spotify web-player queryArtistOverview,undocumented read-only web-client endpoint,3sc7iUG1Wwpwx7bHeZolgx,Q725926,Bananarama,Bananarama,Q84,London,musical group,United Kingdom,,,,,True,accepted_exact_name,True,True,eligible_group_or_duo,True,False,False,London,reported_place
139,Underworld [1PXHzxRDiLnjqNrRn2Xbsa],,1PXHzxRDiLnjqNrRn2Xbsa,Underworld,3783264,827351,0,2026-07-18T20:45:22.974241+00:00,Spotify web-player queryArtistOverview,undocumented read-only web-client endpoint,1PXHzxRDiLnjqNrRn2Xbsa,Q849429,Underworld,Underworld,Q1339305,Romford,musical group,United Kingdom,,Cardiff,The group began in Cardiff; Romford was a later base and relaunch location.,https://www.allmusic.com/artist/underworld-mn0000807949,True,accepted_exact_name,True,True,eligible_group_or_duo,True,False,False,Cardiff,reviewed_override
140,Blue [2yEkZBBjhzKzt6LF5XMaFi],,2yEkZBBjhzKzt6LF5XMaFi,Blue,3677775,822804,0,2026-07-18T20:45:22.974241+00:00,Spotify web-player queryArtistOverview,undocumented read-only web-client endpoint,2yEkZBBjhzKzt6LF5XMaFi,Q32825,Blue,Blue,Q84,London,musical group|organization,United Kingdom,,,,,True,accepted_exact_name,True,True,eligible_group_or_duo,True,False,False,London,reported_place
141,Kasabian [11wRdbnoYqRddKBrpHt4Ue],,11wRdbnoYqRddKBrpHt4Ue,Kasabian,3649101,1926968,0,2026-07-18T20:45:22.974241+00:00,Spotify web-player queryArtistOverview,undocumented read-only web-client endpoint,11wRdbnoYqRddKBrpHt4Ue,Q272517,Kasabian,Kasabian,Q83065,Leicester,musical group,United Kingdom,,,,,True,accepted_exact_name,True,True,eligible_group_or_duo,True,False,False,Leicester,reported_place
142,Sault [1uRxRKC7d9zwYGSRflTKDR],,1uRxRKC7d9zwYGSRflTKDR,SAULT,3625737,653952,0,2026-07-18T20:45:22.974241+00:00,Spotify web-player queryArtistOverview,undocumented read-only web-client endpoint,1uRxRKC7d9zwYGSRflTKDR,Q104771175,Sault,Sault,,,musical group,United Kingdom,,,,,True,accepted_exact_name,True,True,eligible_group_or_duo,True,False,False,,unresolved_generic_or_missing
143,Bad Company [5AEG63ajney2BoDXi0Vb84],,5AEG63ajney2BoDXi0Vb84,Bad Company,3616192,1458078,0,2026-07-18T20:45:22.974241+00:00,Spotify web-player queryArtistOverview,undocumented read-only web-client endpoint,5AEG63ajney2BoDXi0Vb84,Q745517,Bad Company,Bad Company,Q189960,Westminster,musical group,United Kingdom,,,,,True,accepted_exact_name,True,True,eligible_group_or_duo,True,False,False,Westminster,reported_place
144,Madness [4AYkFtEBnNnGuoo8HaHErd],,4AYkFtEBnNnGuoo8HaHErd,Madness,3611935,912052,0,2026-07-18T20:45:22.974241+00:00,Spotify web-player queryArtistOverview,undocumented read-only web-client endpoint,4AYkFtEBnNnGuoo8HaHErd,Q745741,Madness,Madness,Q84,London,ska band,United Kingdom,,,,,True,accepted_exact_name,True,True,eligible_group_or_duo,True,False,False,London,reported_place
145,Push Baby [0kkxsdcaWmWU2yWAqclDh4],,0kkxsdcaWmWU2yWAqclDh4,Rixton,3592716,784995,0,2026-07-18T20:45:22.974241+00:00,Spotify web-player queryArtistOverview,undocumented read-only web-client endpoint,0kkxsdcaWmWU2yWAqclDh4,Q16672928,Push Baby,Push Baby,Q18125,Manchester,musical group,United Kingdom,approve,,Rixton and Push Baby are names used by the same band and Spotify artist page.,https://www.wikidata.org/wiki/Q16672928,False,accepted_reviewed_alias,True,True,eligible_group_or_duo,True,False,False,Manchester,reported_place
146,Nothing but Thieves [1kDGbuxWknIKx4FlgWxiSp],,1kDGbuxWknIKx4FlgWxiSp,Nothing But Thieves,3587725,1421470,0,2026-07-18T20:45:22.974241+00:00,Spotify web-player queryArtistOverview,undocumented read-only web-client endpoint,1kDGbuxWknIKx4FlgWxiSp,Q20684996,Nothing but Thieves,Nothing but Thieves,Q203995,Southend-on-Sea,rock band,United Kingdom,,,,,True,accepted_exact_name,True,True,eligible_group_or_duo,True,False,False,Southend-on-Sea,reported_place
147,Wet Leg [2TwOrUcYnAlIiKmVQkkoSZ],,2TwOrUcYnAlIiKmVQkkoSZ,Wet Leg,3584069,989381,0,2026-07-18T20:45:22.974241+00:00,Spotify web-player queryArtistOverview,undocumented read-only web-client endpoint,2TwOrUcYnAlIiKmVQkkoSZ,Q107475751,Wet Leg,Wet Leg,Q9679,Q9679,musical duo,England|United Kingdom,,Isle of Wight,The label's official artist biography describes Wet Leg as an Isle of Wight five-piece.,https://www.dominomusic.com/artists/wet-leg,True,accepted_exact_name,True,True,eligible_group_or_duo,True,False,False,Isle of Wight,reviewed_override
148,Wolf Alice [3btzEQD6sugImIHPMRgkwV],,3btzEQD6sugImIHPMRgkwV,Wolf Alice,3575621,973763,0,2026-07-18T20:45:22.974241+00:00,Spotify web-player queryArtistOverview,undocumented read-only web-client endpoint,3btzEQD6sugImIHPMRgkwV,Q8029799,Wolf Alice,Wolf Alice,Q84,London,musical group,United Kingdom,,,,,True,accepted_exact_name,True,True,eligible_group_or_duo,True,False,False,London,reported_place
149,The Irrepressibles [1v5bOzXbhrQ57qSvRwGA6s],,1v5bOzXbhrQ57qSvRwGA6s,The Irrepressibles,3531545,266977,0,2026-07-18T20:45:22.974241+00:00,Spotify web-player queryArtistOverview,undocumented read-only web-client endpoint,1v5bOzXbhrQ57qSvRwGA6s,Q3020511,The Irrepressibles,The Irrepressibles,Q84,London,musical ensemble,United Kingdom,,,,,True,accepted_exact_name,True,True,eligible_group_or_duo,True,False,False,London,reported_place
150,Sophie and the Giants [4FrXHrpbDLNyO3pbVv8RmF],,4FrXHrpbDLNyO3pbVv8RmF,Sophie and the Giants,3507868,90162,0,2026-07-18T20:45:22.974241+00:00,Spotify web-player queryArtistOverview,undocumented read-only web-client endpoint,4FrXHrpbDLNyO3pbVv8RmF,Q100595483,Sophie and the Giants,Sophie and the Giants,,,human|musical group,United Kingdom,,,,,True,accepted_exact_name,True,True,eligible_group_or_duo,True,False,False,,unresolved_generic_or_missing
151,The Stone Roses [1lYT0A0LV5DUfxr6doRP3d],,1lYT0A0LV5DUfxr6doRP3d,The Stone Roses,3488308,1863145,0,2026-07-18T20:45:22.974241+00:00,Spotify web-player queryArtistOverview,undocumented read-only web-client endpoint,1lYT0A0LV5DUfxr6doRP3d,Q29606,The Stone Roses,The Stone Roses,Q18125,Manchester,rock band,United Kingdom,,,,,True,accepted_exact_name,True,True,eligible_group_or_duo,True,False,False,Manchester,reported_place
152,The Buggles [057gc1fxmJ2vkctjQJ7Tal],,057gc1fxmJ2vkctjQJ7Tal,The Buggles,3487007,190767,0,2026-07-18T20:45:22.974241+00:00,Spotify web-player queryArtistOverview,undocumented read-only web-client endpoint,057gc1fxmJ2vkctjQJ7Tal,Q201568,The Buggles,The Buggles,Q736742,Wimbledon,musical group,United Kingdom,,,,,True,accepted_exact_name,True,True,eligible_group_or_duo,True,False,False,Wimbledon,reported_place
153,Placebo [6RZUqkomCmb8zCRqc9eznB],,6RZUqkomCmb8zCRqc9eznB,Placebo,3460472,2201483,0,2026-07-18T20:45:22.974241+00:00,Spotify web-player queryArtistOverview,undocumented read-only web-client endpoint,6RZUqkomCmb8zCRqc9eznB,Q484839,Placebo,Placebo,Q84,London,musical group,United Kingdom,,,,,True,accepted_exact_name,True,True,eligible_group_or_duo,True,False,False,London,reported_place
154,The Sundays [4nlqDmbzFzbNITaqjJv7D7],,4nlqDmbzFzbNITaqjJv7D7,The Sundays,3421091,684291,0,2026-07-18T20:45:22.974241+00:00,Spotify web-player queryArtistOverview,undocumented read-only web-client endpoint,4nlqDmbzFzbNITaqjJv7D7,Q3122789,The Sundays,The Sundays,Q84,London,musical group,United Kingdom,,,,,True,accepted_exact_name,True,True,eligible_group_or_duo,True,False,False,London,reported_place
155,Orchestral Manoeuvres in the Dark [7wJ9NwdRWtN92NunmXuwBk],,7wJ9NwdRWtN92NunmXuwBk,Orchestral Manoeuvres In The Dark,3287803,949812,0,2026-07-18T20:45:22.974241+00:00,Spotify web-player queryArtistOverview,undocumented read-only web-client endpoint,7wJ9NwdRWtN92NunmXuwBk,Q956500,Orchestral Manoeuvres in the Dark,Orchestral Manoeuvres in the Dark,Q1616766,Meols,musical group,United Kingdom,,,,,True,accepted_exact_name,True,True,eligible_group_or_duo,True,False,False,Meols,reported_place
156,Dead or Alive [5WWSL6rElJeUk3Uc1S2RyD],,5WWSL6rElJeUk3Uc1S2RyD,Dead Or Alive,3275455,490402,0,2026-07-18T20:45:22.974241+00:00,Spotify web-player queryArtistOverview,undocumented read-only web-client endpoint,5WWSL6rElJeUk3Uc1S2RyD,Q368961,Dead or Alive,Dead or Alive,Q24826,Liverpool,musical group,United Kingdom,,,,,True,accepted_exact_name,True,True,eligible_group_or_duo,True,False,False,Liverpool,reported_place
157,Groove Armada [67tgMwUfnmqzYsNAtnP6YJ],,67tgMwUfnmqzYsNAtnP6YJ,Groove Armada,3267951,783480,0,2026-07-18T20:45:22.974241+00:00,Spotify web-player queryArtistOverview,undocumented read-only web-client endpoint,67tgMwUfnmqzYsNAtnP6YJ,Q117522,Groove Armada,Groove Armada,Q84,London,musical group,United Kingdom,,,,,True,accepted_exact_name,True,True,eligible_group_or_duo,True,False,False,London,reported_place
158,Snakehips [2FwJwEswyIUAljqgjNSHgP],,2FwJwEswyIUAljqgjNSHgP,Snakehips,3159265,392037,0,2026-07-18T20:45:22.974241+00:00,Spotify web-player queryArtistOverview,undocumented read-only web-client endpoint,2FwJwEswyIUAljqgjNSHgP,Q22116844,Snakehips,Snakehips,Q145,United Kingdom,musical group,United Kingdom,,,,,True,accepted_exact_name,True,True,eligible_group_or_duo,True,False,False,,unresolved_generic_or_missing
159,Generation X [1inWec2E2UgfzMAhwjgTXe],,1inWec2E2UgfzMAhwjgTXe,Generation X,3158701,181331,0,2026-07-18T20:45:22.974241+00:00,Spotify web-player queryArtistOverview,undocumented read-only web-client endpoint,1inWec2E2UgfzMAhwjgTXe,Q1157004,Generation X,Generation X,Q743535,Chelsea,rock band,United Kingdom,,,,,True,accepted_exact_name,True,True,eligible_group_or_duo,True,False,False,Chelsea,reported_place
160,Bicep [73A3bLnfnz5BoQjb4gNCga],,73A3bLnfnz5BoQjb4gNCga,BICEP,3141387,673233,0,2026-07-18T20:45:22.974241+00:00,Spotify web-player queryArtistOverview,undocumented read-only web-client endpoint,73A3bLnfnz5BoQjb4gNCga,Q28855240,Bicep,Bicep,,,musical duo,United Kingdom,,Belfast,The band's official biography describes the duo as Belfast-born and rooted in Belfast's club scene before becoming London-based.,https://bicepmusic.com/about,True,accepted_exact_name,True,True,eligible_group_or_duo,True,False,False,Belfast,reviewed_override
161,Yazoo [1G1mX30GpUJqOr1QU2eBSs],,1G1mX30GpUJqOr1QU2eBSs,Yazoo,3044119,802850,0,2026-07-18T20:45:22.974241+00:00,Spotify web-player queryArtistOverview,undocumented read-only web-client endpoint,1G1mX30GpUJqOr1QU2eBSs,Q1410055,Yazoo,Yazoo,Q216649,Basildon,musical group,United Kingdom,,,,,True,accepted_exact_name,True,True,eligible_group_or_duo,True,False,False,Basildon,reported_place
162,Bloc Party [3MM8mtgFzaEJsqbjZBSsHJ],,3MM8mtgFzaEJsqbjZBSsHJ,Bloc Party,3039480,1261856,0,2026-07-18T20:45:22.974241+00:00,Spotify web-player queryArtistOverview,undocumented read-only web-client endpoint,3MM8mtgFzaEJsqbjZBSsHJ,Q205838,Bloc Party,Bloc Party,Q84,London,rock band,United Kingdom,,,,,True,accepted_exact_name,True,True,eligible_group_or_duo,True,False,False,London,reported_place
163,Gorgon City [4VNQWV2y1E97Eqo2D5UTjx],,4VNQWV2y1E97Eqo2D5UTjx,Gorgon City,3028602,552337,0,2026-07-18T20:45:22.974241+00:00,Spotify web-player queryArtistOverview,undocumented read-only web-client endpoint,4VNQWV2y1E97Eqo2D5UTjx,Q16839700,Gorgon City,Gorgon City,Q734547,North London,musical duo,United Kingdom,,,,,True,accepted_exact_name,True,True,eligible_group_or_duo,True,False,False,North London,reported_place
164,Sugababes [7rZNSLWMjTbwdLNskFbzFf],,7rZNSLWMjTbwdLNskFbzFf,Sugababes,3027300,758443,0,2026-07-18T20:45:22.974241+00:00,Spotify web-player queryArtistOverview,undocumented read-only web-client endpoint,7rZNSLWMjTbwdLNskFbzFf,Q193697,Sugababes,Sugababes,Q84,London,musical group,United Kingdom,,,,,True,accepted_exact_name,True,True,eligible_group_or_duo,True,False,False,London,reported_place
165,Architects [3ZztVuWxHzNpl0THurTFCv],,3ZztVuWxHzNpl0THurTFCv,Architects,3025569,1369211,0,2026-07-18T20:45:22.974241+00:00,Spotify web-player queryArtistOverview,undocumented read-only web-client endpoint,3ZztVuWxHzNpl0THurTFCv,Q620454,Architects,Architects,Q131491,Brighton,musical group,United Kingdom,,,,,True,accepted_exact_name,True,True,eligible_group_or_duo,True,False,False,Brighton,reported_place
166,Kaiser Chiefs [0LbLWjaweRbO4FDKYlbfNt],,0LbLWjaweRbO4FDKYlbfNt,Kaiser Chiefs,2999896,1422089,0,2026-07-18T20:45:22.974241+00:00,Spotify web-player queryArtistOverview,undocumented read-only web-client endpoint,0LbLWjaweRbO4FDKYlbfNt,Q192308,Kaiser Chiefs,Kaiser Chiefs,Q39121,Leeds,musical group,United Kingdom,,,,,True,accepted_exact_name,True,True,eligible_group_or_duo,True,False,False,Leeds,reported_place
167,Third Party [2J80qXI4NHKpq5RT3xUF7V],,2J80qXI4NHKpq5RT3xUF7V,Third Party,2971418,151080,0,2026-07-18T20:45:22.974241+00:00,Spotify web-player queryArtistOverview,undocumented read-only web-client endpoint,2J80qXI4NHKpq5RT3xUF7V,Q30597951,Third Party,Third Party,,,male duo|musical duo,United Kingdom,,,,,True,accepted_exact_name,True,True,eligible_group_or_duo,True,False,False,,unresolved_generic_or_missing
168,Basement Jaxx [4YrKBkKSVeqDamzBPWVnSJ],,4YrKBkKSVeqDamzBPWVnSJ,Basement Jaxx,2938717,623916,0,2026-07-18T20:45:22.974241+00:00,Spotify web-player queryArtistOverview,undocumented read-only web-client endpoint,4YrKBkKSVeqDamzBPWVnSJ,Q544018,Basement Jaxx,Basement Jaxx,Q84,London,musical group,United Kingdom,,,,,True,accepted_exact_name,True,True,eligible_group_or_duo,True,False,False,London,reported_place
169,Q334648 [3fhOTtm0LBJ3Ojn4hIljLo],,3fhOTtm0LBJ3Ojn4hIljLo,Roxy Music,2932733,1153536,0,2026-07-18T20:45:22.974241+00:00,Spotify web-player queryArtistOverview,undocumented read-only web-client endpoint,3fhOTtm0LBJ3Ojn4hIljLo,Q334648,Q334648,Q334648,Q84,London,musical group,United Kingdom,approve,,The Wikidata entity's Spotify artist ID resolves to Roxy Music; the archived label was an unresolved QID.,https://www.wikidata.org/wiki/Q334648,False,accepted_reviewed_alias,True,True,eligible_group_or_duo,True,False,False,London,reported_place
170,Lighthouse Family [6edGSAX5dVpeJVwu1Q0NwJ],,6edGSAX5dVpeJVwu1Q0NwJ,Lighthouse Family,2921952,660194,0,2026-07-18T20:45:22.974241+00:00,Spotify web-player queryArtistOverview,undocumented read-only web-client endpoint,6edGSAX5dVpeJVwu1Q0NwJ,Q707351,Lighthouse Family,Lighthouse Family,Q1425428,Newcastle upon Tyne,male duo|musical duo,United Kingdom,,,,,True,accepted_exact_name,True,True,eligible_group_or_duo,True,False,False,Newcastle upon Tyne,reported_place
171,The Struts [3lDpdwM8KILepMHqBWUhIA],,3lDpdwM8KILepMHqBWUhIA,The Struts,2895181,468353,0,2026-07-18T20:45:22.974241+00:00,Spotify web-player queryArtistOverview,undocumented read-only web-client endpoint,3lDpdwM8KILepMHqBWUhIA,Q17587679,The Struts,The Struts,Q43475,Derby,rock band,United Kingdom,,,,,True,accepted_exact_name,True,True,eligible_group_or_duo,True,False,False,Derby,reported_place
172,The Wombats [0Ya43ZKWHTKkAbkoJJkwIB],,0Ya43ZKWHTKkAbkoJJkwIB,The Wombats,2884656,1143548,0,2026-07-18T20:45:22.974241+00:00,Spotify web-player queryArtistOverview,undocumented read-only web-client endpoint,0Ya43ZKWHTKkAbkoJJkwIB,Q1347289,The Wombats,The Wombats,Q24826,Liverpool,musical group,United Kingdom,,,,,True,accepted_exact_name,True,True,eligible_group_or_duo,True,False,False,Liverpool,reported_place
173,Travis [3bUwxJgNakzYKkqAVgZLlh],,3bUwxJgNakzYKkqAVgZLlh,Travis,2884486,1176704,0,2026-07-18T20:45:22.974241+00:00,Spotify web-player queryArtistOverview,undocumented read-only web-client endpoint,3bUwxJgNakzYKkqAVgZLlh,Q160103,Travis,Travis,Q4093,Glasgow,rock band,United Kingdom,,,,,True,accepted_exact_name,True,True,eligible_group_or_duo,True,False,False,Glasgow,reported_place
174,Mattafix [5KORW1YGiERJqfuYjXMCyz],,5KORW1YGiERJqfuYjXMCyz,Mattafix,2878488,113982,0,2026-07-18T20:45:22.974241+00:00,Spotify web-player queryArtistOverview,undocumented read-only web-client endpoint,5KORW1YGiERJqfuYjXMCyz,Q21075,Mattafix,Mattafix,Q84,London,male duo|musical duo,United Kingdom,,,,,True,accepted_exact_name,True,True,eligible_group_or_duo,True,False,False,London,reported_place
175,Royal Blood [2S5hlvw4CMtMGswFtfdK15],,2S5hlvw4CMtMGswFtfdK15,Royal Blood,2873864,1759451,0,2026-07-18T20:45:22.974241+00:00,Spotify web-player queryArtistOverview,undocumented read-only web-client endpoint,2S5hlvw4CMtMGswFtfdK15,Q16632343,Royal Blood,Royal Blood,Q131491,Brighton,male duo|musical duo,United Kingdom,,Worthing,Reuters reports that the duo began in Worthing; Brighton was the later development base.,https://uk.investing.com/news/general/britains-royal-blood-finds-spiritual-home-in-us-3139043,True,accepted_exact_name,True,True,eligible_group_or_duo,True,False,False,Worthing,reviewed_override
176,Free [2e53aHBQdCMKWqHDuyJsjC],,2e53aHBQdCMKWqHDuyJsjC,Free,2860415,631085,0,2026-07-18T20:45:22.974241+00:00,Spotify web-player queryArtistOverview,undocumented read-only web-client endpoint,2e53aHBQdCMKWqHDuyJsjC,Q45650,Free,Free,Q84,London,rock band,United Kingdom,,,,,True,accepted_exact_name,True,True,eligible_group_or_duo,True,False,False,London,reported_place
177,London Grammar [3Bd1cgCjtCI32PYvDC3ynO],,3Bd1cgCjtCI32PYvDC3ynO,London Grammar,2832139,1695264,0,2026-07-18T20:45:22.974241+00:00,Spotify web-player queryArtistOverview,undocumented read-only web-client endpoint,3Bd1cgCjtCI32PYvDC3ynO,Q14557360,London Grammar,London Grammar,Q41262,Nottingham,musical group,United Kingdom,,,,,True,accepted_exact_name,True,True,eligible_group_or_duo,True,False,False,Nottingham,reported_place
178,Pulp [36E7oYfz3LLRto6l2WmDcD],,36E7oYfz3LLRto6l2WmDcD,Pulp,2830863,1164307,0,2026-07-18T20:45:22.974241+00:00,Spotify web-player queryArtistOverview,undocumented read-only web-client endpoint,36E7oYfz3LLRto6l2WmDcD,Q504464,Pulp,Pulp,Q42448,Sheffield,musical group,United Kingdom,,,,,True,accepted_exact_name,True,True,eligible_group_or_duo,True,False,False,Sheffield,reported_place
179,The Heavy [0bZCak2tcRMY1dzEIuwF42],,0bZCak2tcRMY1dzEIuwF42,The Heavy,2796068,516287,0,2026-07-18T20:45:22.974241+00:00,Spotify web-player queryArtistOverview,undocumented read-only web-client endpoint,0bZCak2tcRMY1dzEIuwF42,Q181241,The Heavy,The Heavy,Q22889,Bath,musical group,United Kingdom,,,,,True,accepted_exact_name,True,True,eligible_group_or_duo,True,False,False,Bath,reported_place
180,Neck Deep [2TM0qnbJH4QPhGMCdPt7fH],,2TM0qnbJH4QPhGMCdPt7fH,Neck Deep,2790501,1843051,0,2026-07-18T20:45:22.974241+00:00,Spotify web-player queryArtistOverview,undocumented read-only web-client endpoint,2TM0qnbJH4QPhGMCdPt7fH,Q16955493,Neck Deep,Neck Deep,Q496368,Wrexham,musical group,Wales,,,,,True,accepted_exact_name,True,True,eligible_group_or_duo,True,False,False,Wrexham,reported_place
181,DNA [2rGm8R7YDTbqDCVlNssQyL],,2rGm8R7YDTbqDCVlNssQyL,DNA,2774617,18304,0,2026-07-18T20:45:22.974241+00:00,Spotify web-player queryArtistOverview,undocumented read-only web-client endpoint,2rGm8R7YDTbqDCVlNssQyL,Q1154629,DNA,DNA,Q22889,Bath,musical duo,England,,,,,True,accepted_exact_name,True,True,eligible_group_or_duo,True,False,False,Bath,reported_place
182,Frankie Goes to Hollywood [1mZu3rO7qSD09GdDpePHhY],,1mZu3rO7qSD09GdDpePHhY,Frankie Goes To Hollywood,2758706,960764,0,2026-07-18T20:45:22.974241+00:00,Spotify web-player queryArtistOverview,undocumented read-only web-client endpoint,1mZu3rO7qSD09GdDpePHhY,Q73597,Frankie Goes to Hollywood,Frankie Goes to Hollywood,Q24826,Liverpool,musical group,United Kingdom,,,,,True,accepted_exact_name,True,True,eligible_group_or_duo,True,False,False,Liverpool,reported_place
183,Atomic Kitten [6JMHws5haIO6V35YNYDnDw],,6JMHws5haIO6V35YNYDnDw,Atomic Kitten,2751716,525204,0,2026-07-18T20:45:22.974241+00:00,Spotify web-player queryArtistOverview,undocumented read-only web-client endpoint,6JMHws5haIO6V35YNYDnDw,Q208392,Atomic Kitten,Atomic Kitten,Q24826,Liverpool,musical group,United Kingdom,,,,,True,accepted_exact_name,True,True,eligible_group_or_duo,True,False,False,Liverpool,reported_place
184,Faces [3v4feUQnU3VEUqFrjmtekL],,3v4feUQnU3VEUqFrjmtekL,Faces,2718313,468654,0,2026-07-18T20:45:22.974241+00:00,Spotify web-player queryArtistOverview,undocumented read-only web-client endpoint,3v4feUQnU3VEUqFrjmtekL,Q1136388,Faces,Faces,Q21,England,musical group,United Kingdom,,,,,True,accepted_exact_name,True,True,eligible_group_or_duo,True,False,False,,unresolved_generic_or_missing
185,Asia [1bdytLV3FPjyhfrb6BhMej],,1bdytLV3FPjyhfrb6BhMej,Asia,2716602,774209,0,2026-07-18T20:45:22.974241+00:00,Spotify web-player queryArtistOverview,undocumented read-only web-client endpoint,1bdytLV3FPjyhfrb6BhMej,Q726891,Asia,Asia,Q21,England,musical group,United Kingdom,,,,,True,accepted_exact_name,True,True,eligible_group_or_duo,True,False,False,,unresolved_generic_or_missing
186,The Waterboys [5TnuP42pw475UrjjeabtwZ],,5TnuP42pw475UrjjeabtwZ,The Waterboys,2670888,371425,0,2026-07-18T20:45:22.974241+00:00,Spotify web-player queryArtistOverview,undocumented read-only web-client endpoint,5TnuP42pw475UrjjeabtwZ,Q1422720,The Waterboys,The Waterboys,Q145,United Kingdom,musical group,United Kingdom,,London,"Mike Scott is from Edinburgh, but the band was formed in London.",https://www.universalmusic.fr/artistes/20000160599,True,accepted_exact_name,True,True,eligible_group_or_duo,True,False,False,London,reviewed_override
187,S Club 7 [1kM5rgJvkiDMOoKX56H6pX],,0HNGrIbq1ZNO2mTp3tMW4L,S Club,2628603,692814,0,2026-07-18T20:45:22.974241+00:00,Spotify web-player queryArtistOverview,undocumented read-only web-client endpoint,1kM5rgJvkiDMOoKX56H6pX,Q500759,S Club 7,S Club 7,Q84,London,musical group,United Kingdom,approve,,S Club is the current name of S Club 7 and the requested Spotify page redirects to the same group.,https://www.wikidata.org/wiki/Q500759,False,accepted_reviewed_alias,True,True,eligible_group_or_duo,False,False,False,London,reported_place
188,Still Corners [4zKYrXs8iN4AeHmO8ZxNqp],,4zKYrXs8iN4AeHmO8ZxNqp,Still Corners,2608941,415092,0,2026-07-18T20:45:22.974241+00:00,Spotify web-player queryArtistOverview,undocumented read-only web-client endpoint,4zKYrXs8iN4AeHmO8ZxNqp,Q7617018,Still Corners,Still Corners,Q84,London,musical group,United Kingdom,,,,,True,accepted_exact_name,True,True,eligible_group_or_duo,True,False,False,London,reported_place
189,Asking Alexandria [1caBfBEapzw8z2Qz9q0OaQ],,1caBfBEapzw8z2Qz9q0OaQ,Asking Alexandria,2592556,2530673,0,2026-07-18T20:45:22.974241+00:00,Spotify web-player queryArtistOverview,undocumented read-only web-client endpoint,1caBfBEapzw8z2Qz9q0OaQ,Q731642,Asking Alexandria,Asking Alexandria,Q42462,York,musical group,United Kingdom,,,,,True,accepted_exact_name,True,True,eligible_group_or_duo,True,False,False,York,reported_place
190,Mike and the Mechanics [2yTUYhIf8fxptTIy3KLuJD],,2yTUYhIf8fxptTIy3KLuJD,Mike + The Mechanics,2591206,794443,0,2026-07-18T20:45:22.974241+00:00,Spotify web-player queryArtistOverview,undocumented read-only web-client endpoint,2yTUYhIf8fxptTIy3KLuJD,Q653632,Mike and the Mechanics,Mike and the Mechanics,Q179224,Dover,musical group,United Kingdom,,,,,True,accepted_exact_name,True,True,eligible_group_or_duo,True,False,False,Dover,reported_place
191,All Saints [5TDVKqW9uhqGjwwwKGuma4],,5TDVKqW9uhqGjwwwKGuma4,All Saints,2567281,609132,0,2026-07-18T20:45:22.974241+00:00,Spotify web-player queryArtistOverview,undocumented read-only web-client endpoint,5TDVKqW9uhqGjwwwKGuma4,Q165386,All Saints,All Saints,Q84,London,all-female band|girl group,United Kingdom,,,,,True,accepted_exact_name,True,True,eligible_group_or_duo,True,False,False,London,reported_place
192,Sigma [01pKrlgPJhm5dB4lneYAqS],,01pKrlgPJhm5dB4lneYAqS,Sigma,2550591,360513,0,2026-07-18T20:45:22.974241+00:00,Spotify web-player queryArtistOverview,undocumented read-only web-client endpoint,01pKrlgPJhm5dB4lneYAqS,Q16333772,Sigma,Sigma,Q503424,University of Leeds,musical duo,United Kingdom,,Leeds,"University of Leeds is an institution, not a place label; the duo formed while studying in Leeds.",https://en.wikipedia.org/wiki/Sigma_(DJs),True,accepted_exact_name,True,True,eligible_group_or_duo,True,False,False,Leeds,reviewed_override
193,Mungo Jerry [2mbvqMGpwLsakeH45p1Jrb],,2mbvqMGpwLsakeH45p1Jrb,Mungo Jerry,2528248,142677,0,2026-07-18T20:45:22.974241+00:00,Spotify web-player queryArtistOverview,undocumented read-only web-client endpoint,2mbvqMGpwLsakeH45p1Jrb,Q1427200,Mungo Jerry,Mungo Jerry,Q725270,Ashford,musical group,United Kingdom,,,,,True,accepted_exact_name,True,True,eligible_group_or_duo,True,False,False,Ashford,reported_place
194,Moloko [4aaBjq7VqqQvpSF69GglvO],,4aaBjq7VqqQvpSF69GglvO,Moloko,2507932,516418,0,2026-07-18T20:45:22.974241+00:00,Spotify web-player queryArtistOverview,undocumented read-only web-client endpoint,4aaBjq7VqqQvpSF69GglvO,Q1121732,Moloko,Moloko,Q42448,Sheffield,musical duo,United Kingdom,,,,,True,accepted_exact_name,True,True,eligible_group_or_duo,True,False,False,Sheffield,reported_place
195,Status Quo [4gIdjgLlvgEOz7MexDZzpM],,4gIdjgLlvgEOz7MexDZzpM,Status Quo,2503249,872142,0,2026-07-18T20:45:22.974241+00:00,Spotify web-player queryArtistOverview,undocumented read-only web-client endpoint,4gIdjgLlvgEOz7MexDZzpM,Q322265,Status Quo,Status Quo,Q84,London,musical group,United Kingdom,,,,,True,accepted_exact_name,True,True,eligible_group_or_duo,True,False,False,London,reported_place
196,The Darkness [5r1bdqzhgRoHC3YcCV6N5a],,5r1bdqzhgRoHC3YcCV6N5a,The Darkness,2453090,510654,0,2026-07-18T20:45:22.974241+00:00,Spotify web-player queryArtistOverview,undocumented read-only web-client endpoint,5r1bdqzhgRoHC3YcCV6N5a,Q421794,The Darkness,The Darkness,Q986007,Lowestoft,musical group,United Kingdom,,,,,True,accepted_exact_name,True,True,eligible_group_or_duo,True,False,False,Lowestoft,reported_place
197,Texas [5JsdVATHNPE0XdMFMRoSuf],,5JsdVATHNPE0XdMFMRoSuf,Texas,2420479,572024,0,2026-07-18T20:45:22.974241+00:00,Spotify web-player queryArtistOverview,undocumented read-only web-client endpoint,5JsdVATHNPE0XdMFMRoSuf,Q916484,Texas,Texas,Q4093,Glasgow,musical group,United Kingdom,,,,,True,accepted_exact_name,True,True,eligible_group_or_duo,True,False,False,Glasgow,reported_place
198,Edison Lighthouse [1NRzxuPpdGushT8YmF5NAa],,1NRzxuPpdGushT8YmF5NAa,Edison Lighthouse,2393214,80780,0,2026-07-18T20:45:22.974241+00:00,Spotify web-player queryArtistOverview,undocumented read-only web-client endpoint,1NRzxuPpdGushT8YmF5NAa,Q1116554,Edison Lighthouse,Edison Lighthouse,Q84,London,musical group,United Kingdom,,,,,True,accepted_exact_name,True,True,eligible_group_or_duo,True,False,False,London,reported_place
199,Wang Chung [6Zh3xrWlA0SA9Fsfj9AVwm],,6Zh3xrWlA0SA9Fsfj9AVwm,Wang Chung,2358411,413141,0,2026-07-18T20:45:22.974241+00:00,Spotify web-player queryArtistOverview,undocumented read-only web-client endpoint,6Zh3xrWlA0SA9Fsfj9AVwm,Q2030370,Wang Chung,Wang Chung,Q84,London,musical group,United Kingdom,,,,,True,accepted_exact_name,True,True,eligible_group_or_duo,True,False,False,London,reported_place
200,The Cult [49DW3KvkyjHO35mK1JnSyS],,49DW3KvkyjHO35mK1JnSyS,The Cult,2277310,852449,0,2026-07-18T20:45:22.974241+00:00,Spotify web-player queryArtistOverview,undocumented read-only web-client endpoint,49DW3KvkyjHO35mK1JnSyS,Q887376,The Cult,The Cult,Q22905,Q22905,musical group,United Kingdom,,Bradford,The band's official history places its formation in Bradford.,https://www.thecultband.com/history/,True,accepted_exact_name,True,True,eligible_group_or_duo,True,False,False,Bradford,reviewed_override
