popularity_rank,spotify_name,monthly_listeners,followers,returned_spotify_id,spotify_url,wikidata_qid,band_name,formation_label,country_label,origin_cluster,origin_resolution,identity_status,review_flag
1,Coldplay,92034104,64732379,4gzpq5DPGxSnKTe4SA8HAU,https://open.spotify.com/artist/4gzpq5DPGxSnKTe4SA8HAU,Q45188,Coldplay,London,United Kingdom,London,reported_place,accepted_exact_name,
2,Arctic Monkeys,52301870,35028298,7Ln80lUS6He07XvHI8qqHH,https://open.spotify.com/artist/7Ln80lUS6He07XvHI8qqHH,Q170599,Arctic Monkeys,Sheffield,United Kingdom,Sheffield,reported_place,accepted_exact_name,
3,Queen,51601234,58004701,1dfeR4HaWDbWqFHLkxsg1d,https://open.spotify.com/artist/1dfeR4HaWDbWqFHLkxsg1d,Q15862,Queen,London,United Kingdom,London,reported_place,accepted_exact_name,
4,Fleetwood Mac,50959935,15546243,08GQAI4eElDnROBrJRGE0X,https://open.spotify.com/artist/08GQAI4eElDnROBrJRGE0X,Q106648,Fleetwood Mac,London,United Kingdom,London,reported_place,accepted_exact_name,
5,One Direction,45724043,41728665,4AK6F7OLvEQ5QYCBNiQWHq,https://open.spotify.com/artist/4AK6F7OLvEQ5QYCBNiQWHq,Q146027,One Direction,London,United Kingdom,London,reported_place,accepted_exact_name,
6,Radiohead,43168156,16613975,4Z8W4fKeB5YxbusRsdQVPb,https://open.spotify.com/artist/4Z8W4fKeB5YxbusRsdQVPb,Q44190,Radiohead,Abingdon-on-Thames,United Kingdom,Oxford,editorial_city_cluster,accepted_exact_name,
7,The Police,39887109,8458469,5NGO30tJxFlKixkPSgXcFE,https://open.spotify.com/artist/5NGO30tJxFlKixkPSgXcFE,Q178095,The Police,London,United Kingdom,London,reported_place,accepted_exact_name,
8,Oasis,39676473,13941515,2DaxqgrOhkeH0fpeiQq2f4,https://open.spotify.com/artist/2DaxqgrOhkeH0fpeiQq2f4,Q382890,Oasis,Manchester,United Kingdom,Manchester,reported_place,accepted_exact_name,
9,Gorillaz,38173160,16369649,3AA28KZvwAUcZuOKwyblJQ,https://open.spotify.com/artist/3AA28KZvwAUcZuOKwyblJQ,Q189991,Gorillaz,London,United Kingdom,London,reported_place,accepted_exact_name,
10,The Beatles,37927636,32385954,3WrFJ7ztbogyGnTHbHJFl2,https://open.spotify.com/artist/3WrFJ7ztbogyGnTHbHJFl2,Q1299,The Beatles,Liverpool,United Kingdom,Liverpool,reported_place,accepted_exact_name,
11,Clean Bandit,35453400,6321202,6MDME20pz9RveH9rEXvrOM,https://open.spotify.com/artist/6MDME20pz9RveH9rEXvrOM,Q11838808,Clean Bandit,Cambridge,United Kingdom,Cambridge,reported_place,accepted_exact_name,
12,The Rolling Stones,30690194,16651560,22bE4uQ6baNwSHPVcDxLCe,https://open.spotify.com/artist/22bE4uQ6baNwSHPVcDxLCe,Q11036,The Rolling Stones,London,United Kingdom,London,reported_place,accepted_exact_name,
13,Bee Gees,29286539,10121737,1LZEQNv7sE11VDY3SdxQeN,https://open.spotify.com/artist/1LZEQNv7sE11VDY3SdxQeN,Q133405,Bee Gees,Los Hornos,United Kingdom,Redcliffe,reviewed_override,accepted_exact_name,known origin mismatch: Los Hornos is not a credible UK origin
14,Glass Animals,27093208,4804844,4yvcSjfu4PC0CYQyLy4wSq,https://open.spotify.com/artist/4yvcSjfu4PC0CYQyLy4wSq,Q16839267,Glass Animals,Oxford,United Kingdom,Oxford,reported_place,accepted_exact_name,
15,Pink Floyd,26546155,24145634,0k17h0D3J5VfsdmQ1iZtE9,https://open.spotify.com/artist/0k17h0D3J5VfsdmQ1iZtE9,Q2306,Pink Floyd,London,United Kingdom,London,reported_place,accepted_exact_name,
16,Dire Straits,26242776,9643393,0WwSkZ7LtFUFjGjMZBMt6T,https://open.spotify.com/artist/0WwSkZ7LtFUFjGjMZBMt6T,Q50040,Dire Straits,Deptford,United Kingdom,London,editorial_city_cluster,accepted_exact_name,
17,Florence + The Machine,25836943,7587105,1moxjboGR7GNWYIMWsRjgG,https://open.spotify.com/artist/1moxjboGR7GNWYIMWsRjgG,Q217360,Florence + the Machine,London,United Kingdom,London,reported_place,accepted_exact_name,
18,The Cure,25827890,7492117,7bu3H8JO7d0UbMoVzbo70s,https://open.spotify.com/artist/7bu3H8JO7d0UbMoVzbo70s,Q484427,The Cure,Crawley,United Kingdom,Crawley,reported_place,accepted_exact_name,
19,Sade,25528819,6060389,47zz7sob9NUcODy0BTDvKx,https://open.spotify.com/artist/47zz7sob9NUcODy0BTDvKx,Q658182,Sade,London,United Kingdom,London,reported_place,accepted_exact_name,
20,Disclosure,25360907,2482964,6nS5roXSAGhTGr34W6n7Et,https://open.spotify.com/artist/6nS5roXSAGhTGr34W6n7Et,Q1228440,Disclosure,Reigate,United Kingdom,Reigate,reported_place,accepted_exact_name,
21,Tears For Fears,23781006,4593372,4bthk9UfsYUYdcFyqxmSUU,https://open.spotify.com/artist/4bthk9UfsYUYdcFyqxmSUU,Q269091,Tears for Fears,Bath,United Kingdom,Bath,reported_place,accepted_exact_name,
22,Keane,23259577,4211743,53A0W3U0s8diEn9RhXQhVz,https://open.spotify.com/artist/53A0W3U0s8diEn9RhXQhVz,Q484311,Keane,Battle,United Kingdom,Battle,reported_place,accepted_exact_name,
23,The Smiths,22515532,8767855,3yY2gUcIsjMr8hjo51PoJ8,https://open.spotify.com/artist/3yY2gUcIsjMr8hjo51PoJ8,Q180598,The Smiths,Manchester,United Kingdom,Manchester,reported_place,accepted_exact_name,
24,Bastille,22166012,5786448,7EQ0qTo7fWT7DPxmxtSYEc,https://open.spotify.com/artist/7EQ0qTo7fWT7DPxmxtSYEc,Q689,Bastille,London,United Kingdom,London,reported_place,accepted_exact_name,
25,Muse,20942571,8949427,12Chz98pHFMPJEknJQMWvI,https://open.spotify.com/artist/12Chz98pHFMPJEknJQMWvI,Q22151,Muse,Teignmouth,United Kingdom,Teignmouth,reported_place,accepted_exact_name,
26,Led Zeppelin,20605707,16927470,36QJpDe2go2KgaRleHCDTp,https://open.spotify.com/artist/36QJpDe2go2KgaRleHCDTp,Q2331,Led Zeppelin,London,England,London,reported_place,accepted_exact_name,
27,The 1975,18915018,8582651,3mIj9lX2MWuHmhNCA7LSCW,https://open.spotify.com/artist/3mIj9lX2MWuHmhNCA7LSCW,Q2811247,The 1975,Wilmslow,United Kingdom,Manchester,editorial_city_cluster,accepted_exact_name,
28,Electric Light Orchestra,18330664,4748870,7jefIIksOi1EazgRTfW2Pk,https://open.spotify.com/artist/7jefIIksOi1EazgRTfW2Pk,Q218255,Electric Light Orchestra,Birmingham,United Kingdom,Birmingham,reported_place,accepted_exact_name,
29,Black Sabbath,18288641,10711277,5M52tdBnJaKSvOpJGz8mfZ,https://open.spotify.com/artist/5M52tdBnJaKSvOpJGz8mfZ,Q47670,Black Sabbath,Birmingham,United Kingdom,Birmingham,reported_place,accepted_exact_name,
30,The Outfield,17941634,893650,1zxDewzd2j1ZdSBGaYcr0y,https://open.spotify.com/artist/1zxDewzd2j1ZdSBGaYcr0y,Q2093178,The Outfield,Manchester,United Kingdom,London,reviewed_override,accepted_exact_name,
31,Depeche Mode,17667155,7949283,762310PdDnwsDxAQxzQkfX,https://open.spotify.com/artist/762310PdDnwsDxAQxzQkfX,Q482964,Depeche Mode,Basildon,United Kingdom,Basildon,reported_place,accepted_exact_name,
32,America,17384987,2286400,35U9lQaRWSQISxQAB94Meo,https://open.spotify.com/artist/35U9lQaRWSQISxQAB94Meo,Q126852,America,London,United Kingdom,London,reported_place,accepted_exact_name,
33,The Verve,16374768,3001478,2cGwlqi3k18jFpUyTrsR84,https://open.spotify.com/artist/2cGwlqi3k18jFpUyTrsR84,Q488916,The Verve,Wigan,United Kingdom,Manchester,editorial_city_cluster,accepted_exact_name,
34,Duran Duran,15134650,3958344,0lZoBs4Pzo7R89JM9lxwoT,https://open.spotify.com/artist/0lZoBs4Pzo7R89JM9lxwoT,Q58381,Duran Duran,Birmingham,United Kingdom,Birmingham,reported_place,accepted_exact_name,
35,Eurythmics,14843560,2546395,0NKDgy9j66h3DLnN8qu1bB,https://open.spotify.com/artist/0NKDgy9j66h3DLnN8qu1bB,Q207706,Eurythmics,Sunderland,United Kingdom,London,reviewed_override,accepted_exact_name,
36,Little Mix,14779473,12405563,3e7awlrlDSwF3iM0WBjGMp,https://open.spotify.com/artist/3e7awlrlDSwF3iM0WBjGMp,Q158419,Little Mix,England,United Kingdom,London,reviewed_override,accepted_exact_name,
37,The Clash,14589467,3508323,3RGLhK1IP9jnYFH4BRFJBS,https://open.spotify.com/artist/3RGLhK1IP9jnYFH4BRFJBS,Q125603,The Clash,London,United Kingdom,London,reported_place,accepted_exact_name,
38,Mumford & Sons,14381934,6882187,3gd8FJtBJtkRxdfbTu19U2,https://open.spotify.com/artist/3gd8FJtBJtkRxdfbTu19U2,Q953918,Mumford & Sons,London,United Kingdom,London,reported_place,accepted_exact_name,
39,Blur,14009757,4274924,7MhMgCo0Bl0Kukl93PZbYS,https://open.spotify.com/artist/7MhMgCo0Bl0Kukl93PZbYS,Q485820,Blur,London,United Kingdom,London,reported_place,accepted_exact_name,
40,Bring Me The Horizon,13707032,7131475,1Ffb6ejR6Fe5IamqA5oRUF,https://open.spotify.com/artist/1Ffb6ejR6Fe5IamqA5oRUF,Q494784,Bring Me the Horizon,Sheffield,United Kingdom,Sheffield,reported_place,accepted_exact_name,
41,Snow Patrol,13274460,3465980,3rIZMv9rysU7JkLzEaC5Jp,https://open.spotify.com/artist/3rIZMv9rysU7JkLzEaC5Jp,Q188407,Snow Patrol,Dundee,Scotland,Dundee,reported_place,accepted_exact_name,
42,Spice Girls,12877807,4560204,0uq5PttqEjj3IH1bzwcrXF,https://open.spotify.com/artist/0uq5PttqEjj3IH1bzwcrXF,Q55641,Spice Girls,London,United Kingdom,London,reported_place,accepted_exact_name,
43,The Animals,12324330,2812173,3ICflSq6ZgYAIrm2CTkfVP,https://open.spotify.com/artist/3ICflSq6ZgYAIrm2CTkfVP,Q131422,The Animals,Newcastle upon Tyne,United Kingdom,Newcastle upon Tyne,reported_place,accepted_exact_name,
44,Rudimental,11737472,1462225,4WN5naL3ofxrVBgFpguzKo,https://open.spotify.com/artist/4WN5naL3ofxrVBgFpguzKo,Q50971,Rudimental,London Borough of Hackney,United Kingdom,London,editorial_city_cluster,accepted_exact_name,
45,Faithless,11726956,796754,5T4UKHhr4HGIC0VzdZQtAE,https://open.spotify.com/artist/5T4UKHhr4HGIC0VzdZQtAE,Q542071,Faithless,London,United Kingdom,London,reported_place,accepted_exact_name,
46,Disciples,11691137,299331,5EehXjjMktLuJmbRsM7YfB,https://open.spotify.com/artist/5EehXjjMktLuJmbRsM7YfB,Q24025201,Disciples,London,United Kingdom,London,reported_place,accepted_exact_name,
47,Jungle,11614048,1886516,59oA5WbbQvomJz2BuRG071,https://open.spotify.com/artist/59oA5WbbQvomJz2BuRG071,Q17405943,Jungle,London,United Kingdom,London,reported_place,accepted_exact_name,
48,bôa,11444869,1380058,5jTtGLk1mGFMY5lQOvJYUj,https://open.spotify.com/artist/5jTtGLk1mGFMY5lQOvJYUj,Q285481,Bôa,London,United Kingdom,London,reported_place,accepted_exact_name,
49,Cutting Crew,10972839,628518,3cniTumSiUysiPWXapGx1i,https://open.spotify.com/artist/3cniTumSiUysiPWXapGx1i,Q977526,Cutting Crew,London,United Kingdom,London,reported_place,accepted_exact_name,
50,Franz Ferdinand,10807735,3218082,0XNa1vTidXlvJ2gHSsRi4A,https://open.spotify.com/artist/0XNa1vTidXlvJ2gHSsRi4A,Q173180,Franz Ferdinand,Glasgow,United Kingdom,Glasgow,reported_place,accepted_exact_name,
51,Def Leppard,10792689,6056540,6H1RjVyNruCmrBEWRbD0VZ,https://open.spotify.com/artist/6H1RjVyNruCmrBEWRbD0VZ,Q182890,Def Leppard,Sheffield,United Kingdom,Sheffield,reported_place,accepted_exact_name,
52,Pet Shop Boys,10634217,2426999,2ycnb8Er79LoH2AsR5ldjh,https://open.spotify.com/artist/2ycnb8Er79LoH2AsR5ldjh,Q485625,Pet Shop Boys,London,United Kingdom,London,reported_place,accepted_exact_name,
53,The Hollies,10112715,1450461,6waa8mKu91GjzD4NlONlNJ,https://open.spotify.com/artist/6waa8mKu91GjzD4NlONlNJ,Q282925,The Hollies,Manchester,United Kingdom,Manchester,reported_place,accepted_exact_name,
54,Wham!,10018855,3400543,5lpH0xAS4fVfLkACg9DAuM,https://open.spotify.com/artist/5lpH0xAS4fVfLkACg9DAuM,Q744087,Wham!,Bushey,United Kingdom,London,editorial_city_cluster,accepted_exact_name,
55,Two Door Cinema Club,9884423,2655723,536BYVgOnRky0xjsPT96zl,https://open.spotify.com/artist/536BYVgOnRky0xjsPT96zl,Q777302,Two Door Cinema Club,Bangor,United Kingdom,Bangor,reported_place,accepted_exact_name,
56,The Stranglers,9836875,862339,0RUEHcBiENFEqxgicqS2ig,https://open.spotify.com/artist/0RUEHcBiENFEqxgicqS2ig,Q1532854,The Stranglers,Guildford,United Kingdom,Guildford,reported_place,accepted_exact_name,
57,Simple Minds,9628717,2504682,6hN9F0iuULZYWXppob22Aj,https://open.spotify.com/artist/6hN9F0iuULZYWXppob22Aj,Q748836,Simple Minds,Glasgow,Scotland,Glasgow,reported_place,accepted_exact_name,
58,Bronski Beat,9566679,730877,2wpWOzQE5TpA0dVnh5YD08,https://open.spotify.com/artist/2wpWOzQE5TpA0dVnh5YD08,Q927927,Bronski Beat,London,United Kingdom,London,reported_place,accepted_exact_name,
59,Seafret,9520023,1149369,4Ly0KABsxlx4fNj63zJTrF,https://open.spotify.com/artist/4Ly0KABsxlx4fNj63zJTrF,Q28109766,Seafret,Bridlington,United Kingdom,Bridlington,reported_place,accepted_exact_name,
60,Genesis,9434858,3958098,3CkvROUTQ6nRi9yQOcsB50,https://open.spotify.com/artist/3CkvROUTQ6nRi9yQOcsB50,Q151012,Genesis,Godalming|Surrey,United Kingdom,Godalming,reviewed_multi_place_rule,accepted_exact_name,
61,Spandau Ballet,9335819,1587103,2urZrEdsq72kx0UzfYN8Yv,https://open.spotify.com/artist/2urZrEdsq72kx0UzfYN8Yv,Q16011,Spandau Ballet,London Borough of Islington,United Kingdom,London,editorial_city_cluster,accepted_exact_name,
62,UB40,9327767,2783787,69MEO1AADKg1IZrq2XLzo5,https://open.spotify.com/artist/69MEO1AADKg1IZrq2XLzo5,Q560153,UB40,Birmingham,United Kingdom,Birmingham,reported_place,accepted_exact_name,
63,The Chemical Brothers,9143502,2435363,1GhPHrq36VKCY3ucVaZCfo,https://open.spotify.com/artist/1GhPHrq36VKCY3ucVaZCfo,Q208507,The Chemical Brothers,Manchester,United Kingdom,Manchester,reported_place,accepted_exact_name,
64,Simply Red,9097250,2960800,1fa0cOhromAZdq2xRA4vv8,https://open.spotify.com/artist/1fa0cOhromAZdq2xRA4vv8,Q339430,Simply Red,Manchester,United Kingdom,Manchester,reported_place,accepted_exact_name,
65,Jamiroquai,9068742,3053662,6J7biCazzYhU3gM9j1wfid,https://open.spotify.com/artist/6J7biCazzYhU3gM9j1wfid,Q202041,Jamiroquai,London,United Kingdom,London,reported_place,accepted_exact_name,
66,Iron Maiden,9029433,10931269,6mdiAmATAx73kdxrNrnlao,https://open.spotify.com/artist/6mdiAmATAx73kdxrNrnlao,Q42482,Iron Maiden,Leyton,United Kingdom,London,editorial_city_cluster,accepted_exact_name,
67,Toploader,8829850,146489,6xeFne1rkxMhKSW3ipvkdV,https://open.spotify.com/artist/6xeFne1rkxMhKSW3ipvkdV,Q1742953,Toploader,Eastbourne,United Kingdom,Eastbourne,reported_place,accepted_exact_name,
68,New Order,8786188,2651294,0yNLKJebCb8Aueb54LYya3,https://open.spotify.com/artist/0yNLKJebCb8Aueb54LYya3,Q214990,New Order,Salford,United Kingdom,Manchester,editorial_city_cluster,accepted_exact_name,
69,Massive Attack,8692931,2943616,6FXMGgJwohJLUSr5nVlf9X,https://open.spotify.com/artist/6FXMGgJwohJLUSr5nVlf9X,Q357418,Massive Attack,Bristol,United Kingdom,Bristol,reported_place,accepted_exact_name,
70,The Who,8659112,6100346,67ea9eGLXYMsO2eYQRui3w,https://open.spotify.com/artist/67ea9eGLXYMsO2eYQRui3w,Q93346,The Who,London,United Kingdom,London,reported_place,accepted_exact_name,
71,D-Block Europe,8351560,1930307,5VadK1havLhK1OpKYsXv9y,https://open.spotify.com/artist/5VadK1havLhK1OpKYsXv9y,Q63313993,D-Block Europe,Lewisham,United Kingdom,London,editorial_city_cluster,accepted_exact_name,
72,alt-J,8110938,3499216,3XHO7cRUPCLOr6jwp8vsx5,https://open.spotify.com/artist/3XHO7cRUPCLOr6jwp8vsx5,Q47996,alt-J,Leeds,United Kingdom,Leeds,reported_place,accepted_exact_name,
73,The Proclaimers,8100195,438174,1A92IAcd7A6npCA33oGM5i,https://open.spotify.com/artist/1A92IAcd7A6npCA33oGM5i,Q289622,The Proclaimers,Auchtermuchty,United Kingdom,Auchtermuchty,reported_place,accepted_exact_name,
74,Dexys Midnight Runners,7999321,384886,4QTVePrFu1xuGM9K0kNXkk,https://open.spotify.com/artist/4QTVePrFu1xuGM9K0kNXkk,Q247259,Dexys Midnight Runners,Birmingham,United Kingdom,Birmingham,reported_place,accepted_exact_name,
75,The Kinks,7864488,2958309,1SQRv42e4PjEYfPhS0Tk9E,https://open.spotify.com/artist/1SQRv42e4PjEYfPhS0Tk9E,Q188713,The Kinks,London,United Kingdom,London,reported_place,accepted_exact_name,
76,Supertramp,7695790,4214119,3JsMj0DEzyWc0VDlHuy9Bx,https://open.spotify.com/artist/3JsMj0DEzyWc0VDlHuy9Bx,Q176457,Supertramp,London,United Kingdom,London,reported_place,accepted_exact_name,
77,Oh Wonder,7552797,1128715,5cIc3SBFuBLVxJz58W2tU9,https://open.spotify.com/artist/5cIc3SBFuBLVxJz58W2tU9,Q21452721,Oh Wonder,London,United Kingdom,London,reported_place,accepted_exact_name,
78,Goodboys,7292613,130149,2nm38smINjms1LtczR0Cei,https://open.spotify.com/artist/2nm38smINjms1LtczR0Cei,Q65052503,Goodboys,London,United Kingdom,London,reported_place,accepted_exact_name,
79,The Wanted,7143333,2480552,2NhdGz9EDv2FeUw6udu2g1,https://open.spotify.com/artist/2NhdGz9EDv2FeUw6udu2g1,Q34918,The Wanted,England,United Kingdom,London,reviewed_override,accepted_exact_name,
80,Culture Club,7076755,1913999,6kz53iCdBSqhQCZ21CoLcc,https://open.spotify.com/artist/6kz53iCdBSqhQCZ21CoLcc,Q50037,Culture Club,London,United Kingdom,London,reported_place,accepted_exact_name,
81,Deep Purple,6998809,6229490,568ZhdwyaiCyOGJRtNYhWf,https://open.spotify.com/artist/568ZhdwyaiCyOGJRtNYhWf,Q101505,Deep Purple,England|Hertford|London,United Kingdom,Hertford,reviewed_multi_place_rule,accepted_exact_name,
82,The Kooks,6950019,2737101,1GLtl8uqKmnyCWxHmw9tL4,https://open.spotify.com/artist/1GLtl8uqKmnyCWxHmw9tL4,Q211768,The Kooks,Brighton,United Kingdom,Brighton,reported_place,accepted_exact_name,
83,La Roux,6858904,712440,3K2zB87GZv1krx031en5VA,https://open.spotify.com/artist/3K2zB87GZv1krx031en5VA,Q200002,La Roux,London,United Kingdom,London,reported_place,accepted_exact_name,
84,10cc,6808182,952868,6i6WlGzQtXtz7GcC5H5st5,https://open.spotify.com/artist/6i6WlGzQtXtz7GcC5H5st5,Q169145,10cc,Stockport,United Kingdom,Manchester,editorial_city_cluster,accepted_exact_name,
85,CamelPhat,6543464,572358,240wlM8vDrf6S4zCyzGj2W,https://open.spotify.com/artist/240wlM8vDrf6S4zCyzGj2W,Q21008079,CamelPhat,Liverpool,United Kingdom,Liverpool,reported_place,accepted_exact_name,
86,Take That,6539015,1517488,1XgFuvRd7r5g0h844A5ZUQ,https://open.spotify.com/artist/1XgFuvRd7r5g0h844A5ZUQ,Q152066,Take That,Manchester,United Kingdom,Manchester,reported_place,accepted_exact_name,
87,Whitesnake,6249726,3532823,3UbyYnvNIT5DFXU4WgiGpP,https://open.spotify.com/artist/3UbyYnvNIT5DFXU4WgiGpP,Q189965,Whitesnake,Middlesbrough,United Kingdom,Middlesbrough,reported_place,accepted_exact_name,
88,The Vamps,6167219,5952843,7gAppWoH7pcYmphCVTXkzs,https://open.spotify.com/artist/7gAppWoH7pcYmphCVTXkzs,Q15042553,The Vamps,England|London,United Kingdom,London,reported_place,accepted_exact_name,
89,The Human League,6085844,1370364,1aX2dmV8XoHYCOQRxjPESG,https://open.spotify.com/artist/1aX2dmV8XoHYCOQRxjPESG,Q730158,The Human League,Sheffield,United Kingdom,Sheffield,reported_place,accepted_exact_name,
90,Pretenders,6044974,1771319,0GByy3DcfbQwDvXGCWmzv9,https://open.spotify.com/artist/0GByy3DcfbQwDvXGCWmzv9,Q667389,The Pretenders,Hereford,United Kingdom,Hereford,reported_place,accepted_reviewed_alias,
91,AlunaGeorge,6010368,456793,2VAnyOxzJuSAj7XIuEOT38,https://open.spotify.com/artist/2VAnyOxzJuSAj7XIuEOT38,Q10353,AlunaGeorge,London,United Kingdom,London,reported_place,accepted_exact_name,
92,Portishead,5958911,2540792,6liAMWkVf5LH7YR9yfFy1Y,https://open.spotify.com/artist/6liAMWkVf5LH7YR9yfFy1Y,Q191352,Portishead,Bristol,United Kingdom,Bristol,reported_place,accepted_exact_name,
93,Frou Frou,5930276,419619,6MUyqmIQ35inLjch0YzIEG,https://open.spotify.com/artist/6MUyqmIQ35inLjch0YzIEG,Q2629330,Frou Frou,London,United Kingdom,London,reported_place,accepted_exact_name,
94,Soft Cell,5766246,869007,6aq8T2RcspxVOGgMrTzjWc,https://open.spotify.com/artist/6aq8T2RcspxVOGgMrTzjWc,Q1329303,Soft Cell,Leeds,United Kingdom,Leeds,reported_place,accepted_exact_name,
95,Stealers Wheel,5726001,253056,7bPU7cvfoD20ixGD9Qnqki,https://open.spotify.com/artist/7bPU7cvfoD20ixGD9Qnqki,Q283638,Stealers Wheel,Paisley,Scotland,Paisley,reported_place,accepted_exact_name,
96,Katrina & The Waves,5671000,171867,2TzHIUhVpeeDxyJPpQfnV3,https://open.spotify.com/artist/2TzHIUhVpeeDxyJPpQfnV3,Q934582,Katrina and the Waves,Cambridge,United Kingdom,Cambridge,reported_place,accepted_reviewed_alias,
97,LF SYSTEM,5611864,113693,0HxX6imltnNXJyQhu4nsiO,https://open.spotify.com/artist/0HxX6imltnNXJyQhu4nsiO,Q113022702,LF System,,Scotland|United Kingdom,West Lothian,reviewed_override,accepted_exact_name,
98,Everything But The Girl,5607393,480010,13ccXrK7AmXb4TddMkE7jy,https://open.spotify.com/artist/13ccXrK7AmXb4TddMkE7jy,Q313779,Everything but the Girl,Kingston upon Hull,United Kingdom,Kingston upon Hull,reported_place,accepted_exact_name,
99,The La's,5581915,320009,47Z8LEl3LnQkcpva0xSthT,https://open.spotify.com/artist/47Z8LEl3LnQkcpva0xSthT,Q1860769,The La's,Liverpool,United Kingdom,Liverpool,reported_place,accepted_exact_name,
100,The xx,5459918,3911861,3iOvXCl6edW5Um0fXEBRXy,https://open.spotify.com/artist/3iOvXCl6edW5Um0fXEBRXy,Q869367,The xx,London,United Kingdom,London,reported_place,accepted_exact_name,
101,The Cinematic Orchestra,5329785,811495,32ogthv0BdaSMPml02X9YB,https://open.spotify.com/artist/32ogthv0BdaSMPml02X9YB,Q1087300,The Cinematic Orchestra,London,United Kingdom,London,reported_place,accepted_exact_name,
102,Fine Young Cannibals,5309505,1018624,20p5D2KrE8CGuOjHtxsyTp,https://open.spotify.com/artist/20p5D2KrE8CGuOjHtxsyTp,Q14528,Fine Young Cannibals,Birmingham,United Kingdom,Birmingham,reported_place,accepted_exact_name,
103,Stereophonics,5187258,1843050,21UJ7PRWb3Etgsu99f8yo8,https://open.spotify.com/artist/21UJ7PRWb3Etgsu99f8yo8,Q28963,Stereophonics,Cwmaman,Wales,Cwmaman,reported_place,accepted_exact_name,
104,Bush,5127264,2264067,78SHxLdtysAXgywQ4vE0Oa,https://open.spotify.com/artist/78SHxLdtysAXgywQ4vE0Oa,Q247949,Bush,London,United Kingdom,London,reported_place,accepted_exact_name,
105,Cocteau Twins,5124023,1683661,5Wabl1lPdNOeIn0SQ5A1mp,https://open.spotify.com/artist/5Wabl1lPdNOeIn0SQ5A1mp,Q588820,Cocteau Twins,Grangemouth,United Kingdom,Grangemouth,reported_place,accepted_exact_name,
106,Bullet For My Valentine,5036374,3716305,7iWiAD5LLKyiox2grgfmUT,https://open.spotify.com/artist/7iWiAD5LLKyiox2grgfmUT,Q485385,Bullet for My Valentine,Bridgend,United Kingdom,Bridgend,reported_place,accepted_exact_name,
107,The Prodigy,5031555,3074898,4k1ELeJKT1ISyDv8JivPpB,https://open.spotify.com/artist/4k1ELeJKT1ISyDv8JivPpB,Q7256860,The Prodigy,Braintree|Essex,United Kingdom,Braintree,reviewed_multi_place_rule,accepted_exact_name,
108,The Zombies,5025277,1164571,2jgPkn6LuUazBoBk6vvjh5,https://open.spotify.com/artist/2jgPkn6LuUazBoBk6vvjh5,Q1163207,The Zombies,St Albans,United Kingdom,St Albans,reported_place,accepted_exact_name,
109,Hot Chocolate,5017699,393132,72VzFto8DYvKHocaHYNWSi,https://open.spotify.com/artist/72VzFto8DYvKHocaHYNWSi,Q1368881,Hot Chocolate,West Hampstead,United Kingdom,London,editorial_city_cluster,accepted_exact_name,
110,The Alan Parsons Project,4991688,1804870,2m62cc253Xvd9qYQ8d2X3d,https://open.spotify.com/artist/2m62cc253Xvd9qYQ8d2X3d,Q533478,The Alan Parsons Project,Glasgow,United Kingdom,London,reviewed_override,accepted_exact_name,
111,Chase & Status,4913546,1285130,3jNkaOXasoc7RsxdchvEVq,https://open.spotify.com/artist/3jNkaOXasoc7RsxdchvEVq,Q1067983,Chase & Status,London,United Kingdom,London,reported_place,accepted_exact_name,
112,Wings,4863252,1356305,3sFhA6G1N0gG1pszb6kk1m,https://open.spotify.com/artist/3sFhA6G1N0gG1pszb6kk1m,Q622988,Wings,England,United Kingdom,,unresolved_generic_or_missing,accepted_exact_name,origin unresolved
113,Hurts,4854547,380397,3w4VAlllkAWI6m0AV0Gn6a,https://open.spotify.com/artist/3w4VAlllkAWI6m0AV0Gn6a,Q493042,Hurts,Manchester,United Kingdom,Manchester,reported_place,accepted_exact_name,
114,Erasure,4832016,1261829,0z5DFXmhT4ZNzWElsM7V89,https://open.spotify.com/artist/0z5DFXmhT4ZNzWElsM7V89,Q484885,Erasure,England,United Kingdom,,unresolved_generic_or_missing,accepted_exact_name,origin unresolved
115,Chumbawamba,4700579,225650,0TcYeHEK9sBtv7xPbKhzHz,https://open.spotify.com/artist/0TcYeHEK9sBtv7xPbKhzHz,Q1089523,Chumbawamba,Burnley,United Kingdom,Burnley,reported_place,accepted_exact_name,
116,A Flock Of Seagulls,4670482,774464,0uAjBatvB4ubpd4kCfjmNt,https://open.spotify.com/artist/0uAjBatvB4ubpd4kCfjmNt,Q300409,A Flock of Seagulls,Liverpool,United Kingdom,Liverpool,reported_place,accepted_exact_name,
117,Slowdive,4658345,1560399,72X6FHxaShda0XeQw3vbeF,https://open.spotify.com/artist/72X6FHxaShda0XeQw3vbeF,Q1502037,Slowdive,Reading,United Kingdom,Reading,reported_place,accepted_exact_name,
118,Supergrass,4645328,719253,0sHeX8oQ6o7xic3wMf4NBU,https://open.spotify.com/artist/0sHeX8oQ6o7xic3wMf4NBU,Q1120684,Supergrass,Wheatley,United Kingdom,Oxford,reviewed_override,accepted_exact_name,
119,Cream,4518268,2788886,74oJ4qxwOZvX6oSsu1DGnw,https://open.spotify.com/artist/74oJ4qxwOZvX6oSsu1DGnw,Q203736,Cream,London,United Kingdom,London,reported_place,accepted_exact_name,
120,Motörhead,4453633,4680274,1DFr97A9HnbV3SKTJFu62M,https://open.spotify.com/artist/1DFr97A9HnbV3SKTJFu62M,Q19697,Motörhead,London,United Kingdom,London,reported_place,accepted_exact_name,
121,Yes,4447983,2203167,7AC976RDJzL2asmZuz7qil,https://open.spotify.com/artist/7AC976RDJzL2asmZuz7qil,Q184386,Yes,London,United Kingdom,London,reported_place,accepted_exact_name,
122,Nazareth,4341186,1724966,6fvN9GmMCVKb5LY0WsnjFP,https://open.spotify.com/artist/6fvN9GmMCVKb5LY0WsnjFP,Q683695,Nazareth,Dunfermline,United Kingdom,Dunfermline,reported_place,accepted_exact_name,
123,Foals,4201622,1504353,6FQqZYVfTNQ1pCqfkwVFEa,https://open.spotify.com/artist/6FQqZYVfTNQ1pCqfkwVFEa,Q728958,Foals,Oxford,United Kingdom,Oxford,reported_place,accepted_exact_name,
124,Sidewalks and Skeletons,4198181,530960,48nHO1cuTbpx4ELhChsxX1,https://open.spotify.com/artist/48nHO1cuTbpx4ELhChsxX1,Q58884625,SIDEWALKS AND SKELETONS,,United Kingdom,,unresolved_generic_or_missing,accepted_exact_name,origin unresolved
125,LSD,4191261,387536,6IZ4ctovY9dl7bgHClAvKJ,https://open.spotify.com/artist/6IZ4ctovY9dl7bgHClAvKJ,Q52397902,LSD,,United Kingdom,,unresolved_generic_or_missing,accepted_exact_name,origin unresolved
126,FLO,4183163,626883,0s4kXsjYeH0S1xRyVGN4NO,https://open.spotify.com/artist/0s4kXsjYeH0S1xRyVGN4NO,Q111548374,Flo,,United Kingdom,,unresolved_generic_or_missing,accepted_exact_name,origin unresolved
127,The Foundations,4165829,169026,4GITZM5LCR2KcdlgEOrNLD,https://open.spotify.com/artist/4GITZM5LCR2KcdlgEOrNLD,Q1421054,The Foundations,London,United Kingdom,London,reported_place,accepted_exact_name,
128,CHVRCHES,4152413,1434807,3CjlHNtplJyTf9npxaPl5w,https://open.spotify.com/artist/3CjlHNtplJyTf9npxaPl5w,Q5118436,Chvrches,Glasgow,United Kingdom,Glasgow,reported_place,accepted_exact_name,
129,Maribou State,4147945,527128,7zrkALJ9ayRjzysp4QYoEg,https://open.spotify.com/artist/7zrkALJ9ayRjzysp4QYoEg,Q20711766,Maribou State,,United Kingdom,,unresolved_generic_or_missing,accepted_exact_name,origin unresolved
130,Joy Division,4140711,2965374,432R46LaYsJZV2Gmc4jUV5,https://open.spotify.com/artist/432R46LaYsJZV2Gmc4jUV5,Q172763,Joy Division,Salford,United Kingdom,Manchester,editorial_city_cluster,accepted_exact_name,
131,Studio Killers,4136257,305458,7avo0PmlW8O1YLEt9DnWQT,https://open.spotify.com/artist/7avo0PmlW8O1YLEt9DnWQT,Q860988,Studio Killers,United Kingdom,United Kingdom,,unresolved_generic_or_missing,accepted_exact_name,origin unresolved
132,The Fratellis,4131358,958629,3M4ThdJR28z9eSMcQHAZ5G,https://open.spotify.com/artist/3M4ThdJR28z9eSMcQHAZ5G,Q1127565,The Fratellis,Glasgow,United Kingdom,Glasgow,reported_place,accepted_exact_name,
133,Judas Priest,4112763,4744039,2tRsMl4eGxwoNabM08Dm4I,https://open.spotify.com/artist/2tRsMl4eGxwoNabM08Dm4I,Q83468,Judas Priest,Birmingham,United Kingdom,Birmingham,reported_place,accepted_exact_name,
134,T. Rex,4010971,1266989,3dBVyJ7JuOMt4GE9607Qin,https://open.spotify.com/artist/3dBVyJ7JuOMt4GE9607Qin,Q211770,T. Rex,London,United Kingdom,London,reported_place,accepted_exact_name,
135,Metronomy,3971668,1135985,54QMjE4toDfiCryzYWCpXX,https://open.spotify.com/artist/54QMjE4toDfiCryzYWCpXX,Q151783,Metronomy,Totnes,United Kingdom,Totnes,reported_place,accepted_exact_name,
136,Talk Talk,3944807,712227,7Fo8TAyGJr4VmhE68QamMf,https://open.spotify.com/artist/7Fo8TAyGJr4VmhE68QamMf,Q595705,Talk Talk,London,United Kingdom,London,reported_place,accepted_exact_name,
137,HONNE,3880260,1667711,0Vw76uk7P8yVtTClWyOhac,https://open.spotify.com/artist/0Vw76uk7P8yVtTClWyOhac,Q20740961,HONNE,,United Kingdom,,unresolved_generic_or_missing,accepted_exact_name,origin unresolved
138,Bananarama,3805410,929042,3sc7iUG1Wwpwx7bHeZolgx,https://open.spotify.com/artist/3sc7iUG1Wwpwx7bHeZolgx,Q725926,Bananarama,London,United Kingdom,London,reported_place,accepted_exact_name,
139,Underworld,3783264,827351,1PXHzxRDiLnjqNrRn2Xbsa,https://open.spotify.com/artist/1PXHzxRDiLnjqNrRn2Xbsa,Q849429,Underworld,Romford,United Kingdom,Cardiff,reviewed_override,accepted_exact_name,
140,Blue,3677775,822804,2yEkZBBjhzKzt6LF5XMaFi,https://open.spotify.com/artist/2yEkZBBjhzKzt6LF5XMaFi,Q32825,Blue,London,United Kingdom,London,reported_place,accepted_exact_name,
141,Kasabian,3649101,1926968,11wRdbnoYqRddKBrpHt4Ue,https://open.spotify.com/artist/11wRdbnoYqRddKBrpHt4Ue,Q272517,Kasabian,Leicester,United Kingdom,Leicester,reported_place,accepted_exact_name,
142,SAULT,3625737,653952,1uRxRKC7d9zwYGSRflTKDR,https://open.spotify.com/artist/1uRxRKC7d9zwYGSRflTKDR,Q104771175,Sault,,United Kingdom,,unresolved_generic_or_missing,accepted_exact_name,origin unresolved
143,Bad Company,3616192,1458078,5AEG63ajney2BoDXi0Vb84,https://open.spotify.com/artist/5AEG63ajney2BoDXi0Vb84,Q745517,Bad Company,Westminster,United Kingdom,Westminster,reported_place,accepted_exact_name,
144,Madness,3611935,912052,4AYkFtEBnNnGuoo8HaHErd,https://open.spotify.com/artist/4AYkFtEBnNnGuoo8HaHErd,Q745741,Madness,London,United Kingdom,London,reported_place,accepted_exact_name,
145,Rixton,3592716,784995,0kkxsdcaWmWU2yWAqclDh4,https://open.spotify.com/artist/0kkxsdcaWmWU2yWAqclDh4,Q16672928,Push Baby,Manchester,United Kingdom,Manchester,reported_place,accepted_reviewed_alias,
146,Nothing But Thieves,3587725,1421470,1kDGbuxWknIKx4FlgWxiSp,https://open.spotify.com/artist/1kDGbuxWknIKx4FlgWxiSp,Q20684996,Nothing but Thieves,Southend-on-Sea,United Kingdom,Southend-on-Sea,reported_place,accepted_exact_name,
147,Wet Leg,3584069,989381,2TwOrUcYnAlIiKmVQkkoSZ,https://open.spotify.com/artist/2TwOrUcYnAlIiKmVQkkoSZ,Q107475751,Wet Leg,Q9679,England|United Kingdom,Isle of Wight,reviewed_override,accepted_exact_name,formation place is an unresolved Wikidata ID
148,Wolf Alice,3575621,973763,3btzEQD6sugImIHPMRgkwV,https://open.spotify.com/artist/3btzEQD6sugImIHPMRgkwV,Q8029799,Wolf Alice,London,United Kingdom,London,reported_place,accepted_exact_name,
149,The Irrepressibles,3531545,266977,1v5bOzXbhrQ57qSvRwGA6s,https://open.spotify.com/artist/1v5bOzXbhrQ57qSvRwGA6s,Q3020511,The Irrepressibles,London,United Kingdom,London,reported_place,accepted_exact_name,
150,Sophie and the Giants,3507868,90162,4FrXHrpbDLNyO3pbVv8RmF,https://open.spotify.com/artist/4FrXHrpbDLNyO3pbVv8RmF,Q100595483,Sophie and the Giants,,United Kingdom,,unresolved_generic_or_missing,accepted_exact_name,origin unresolved
151,The Stone Roses,3488308,1863145,1lYT0A0LV5DUfxr6doRP3d,https://open.spotify.com/artist/1lYT0A0LV5DUfxr6doRP3d,Q29606,The Stone Roses,Manchester,United Kingdom,Manchester,reported_place,accepted_exact_name,
152,The Buggles,3487007,190767,057gc1fxmJ2vkctjQJ7Tal,https://open.spotify.com/artist/057gc1fxmJ2vkctjQJ7Tal,Q201568,The Buggles,Wimbledon,United Kingdom,Wimbledon,reported_place,accepted_exact_name,
153,Placebo,3460472,2201483,6RZUqkomCmb8zCRqc9eznB,https://open.spotify.com/artist/6RZUqkomCmb8zCRqc9eznB,Q484839,Placebo,London,United Kingdom,London,reported_place,accepted_exact_name,
154,The Sundays,3421091,684291,4nlqDmbzFzbNITaqjJv7D7,https://open.spotify.com/artist/4nlqDmbzFzbNITaqjJv7D7,Q3122789,The Sundays,London,United Kingdom,London,reported_place,accepted_exact_name,
155,Orchestral Manoeuvres In The Dark,3287803,949812,7wJ9NwdRWtN92NunmXuwBk,https://open.spotify.com/artist/7wJ9NwdRWtN92NunmXuwBk,Q956500,Orchestral Manoeuvres in the Dark,Meols,United Kingdom,Meols,reported_place,accepted_exact_name,
156,Dead Or Alive,3275455,490402,5WWSL6rElJeUk3Uc1S2RyD,https://open.spotify.com/artist/5WWSL6rElJeUk3Uc1S2RyD,Q368961,Dead or Alive,Liverpool,United Kingdom,Liverpool,reported_place,accepted_exact_name,
157,Groove Armada,3267951,783480,67tgMwUfnmqzYsNAtnP6YJ,https://open.spotify.com/artist/67tgMwUfnmqzYsNAtnP6YJ,Q117522,Groove Armada,London,United Kingdom,London,reported_place,accepted_exact_name,
158,Snakehips,3159265,392037,2FwJwEswyIUAljqgjNSHgP,https://open.spotify.com/artist/2FwJwEswyIUAljqgjNSHgP,Q22116844,Snakehips,United Kingdom,United Kingdom,,unresolved_generic_or_missing,accepted_exact_name,origin unresolved
159,Generation X,3158701,181331,1inWec2E2UgfzMAhwjgTXe,https://open.spotify.com/artist/1inWec2E2UgfzMAhwjgTXe,Q1157004,Generation X,Chelsea,United Kingdom,Chelsea,reported_place,accepted_exact_name,
160,BICEP,3141387,673233,73A3bLnfnz5BoQjb4gNCga,https://open.spotify.com/artist/73A3bLnfnz5BoQjb4gNCga,Q28855240,Bicep,,United Kingdom,Belfast,reviewed_override,accepted_exact_name,
161,Yazoo,3044119,802850,1G1mX30GpUJqOr1QU2eBSs,https://open.spotify.com/artist/1G1mX30GpUJqOr1QU2eBSs,Q1410055,Yazoo,Basildon,United Kingdom,Basildon,reported_place,accepted_exact_name,
162,Bloc Party,3039480,1261856,3MM8mtgFzaEJsqbjZBSsHJ,https://open.spotify.com/artist/3MM8mtgFzaEJsqbjZBSsHJ,Q205838,Bloc Party,London,United Kingdom,London,reported_place,accepted_exact_name,
163,Gorgon City,3028602,552337,4VNQWV2y1E97Eqo2D5UTjx,https://open.spotify.com/artist/4VNQWV2y1E97Eqo2D5UTjx,Q16839700,Gorgon City,North London,United Kingdom,North London,reported_place,accepted_exact_name,
164,Sugababes,3027300,758443,7rZNSLWMjTbwdLNskFbzFf,https://open.spotify.com/artist/7rZNSLWMjTbwdLNskFbzFf,Q193697,Sugababes,London,United Kingdom,London,reported_place,accepted_exact_name,
165,Architects,3025569,1369211,3ZztVuWxHzNpl0THurTFCv,https://open.spotify.com/artist/3ZztVuWxHzNpl0THurTFCv,Q620454,Architects,Brighton,United Kingdom,Brighton,reported_place,accepted_exact_name,
166,Kaiser Chiefs,2999896,1422089,0LbLWjaweRbO4FDKYlbfNt,https://open.spotify.com/artist/0LbLWjaweRbO4FDKYlbfNt,Q192308,Kaiser Chiefs,Leeds,United Kingdom,Leeds,reported_place,accepted_exact_name,
167,Third Party,2971418,151080,2J80qXI4NHKpq5RT3xUF7V,https://open.spotify.com/artist/2J80qXI4NHKpq5RT3xUF7V,Q30597951,Third Party,,United Kingdom,,unresolved_generic_or_missing,accepted_exact_name,origin unresolved
168,Basement Jaxx,2938717,623916,4YrKBkKSVeqDamzBPWVnSJ,https://open.spotify.com/artist/4YrKBkKSVeqDamzBPWVnSJ,Q544018,Basement Jaxx,London,United Kingdom,London,reported_place,accepted_exact_name,
169,Roxy Music,2932733,1153536,3fhOTtm0LBJ3Ojn4hIljLo,https://open.spotify.com/artist/3fhOTtm0LBJ3Ojn4hIljLo,Q334648,Q334648,London,United Kingdom,London,reported_place,accepted_reviewed_alias,
170,Lighthouse Family,2921952,660194,6edGSAX5dVpeJVwu1Q0NwJ,https://open.spotify.com/artist/6edGSAX5dVpeJVwu1Q0NwJ,Q707351,Lighthouse Family,Newcastle upon Tyne,United Kingdom,Newcastle upon Tyne,reported_place,accepted_exact_name,
171,The Struts,2895181,468353,3lDpdwM8KILepMHqBWUhIA,https://open.spotify.com/artist/3lDpdwM8KILepMHqBWUhIA,Q17587679,The Struts,Derby,United Kingdom,Derby,reported_place,accepted_exact_name,
172,The Wombats,2884656,1143548,0Ya43ZKWHTKkAbkoJJkwIB,https://open.spotify.com/artist/0Ya43ZKWHTKkAbkoJJkwIB,Q1347289,The Wombats,Liverpool,United Kingdom,Liverpool,reported_place,accepted_exact_name,
173,Travis,2884486,1176704,3bUwxJgNakzYKkqAVgZLlh,https://open.spotify.com/artist/3bUwxJgNakzYKkqAVgZLlh,Q160103,Travis,Glasgow,United Kingdom,Glasgow,reported_place,accepted_exact_name,
174,Mattafix,2878488,113982,5KORW1YGiERJqfuYjXMCyz,https://open.spotify.com/artist/5KORW1YGiERJqfuYjXMCyz,Q21075,Mattafix,London,United Kingdom,London,reported_place,accepted_exact_name,
175,Royal Blood,2873864,1759451,2S5hlvw4CMtMGswFtfdK15,https://open.spotify.com/artist/2S5hlvw4CMtMGswFtfdK15,Q16632343,Royal Blood,Brighton,United Kingdom,Worthing,reviewed_override,accepted_exact_name,
176,Free,2860415,631085,2e53aHBQdCMKWqHDuyJsjC,https://open.spotify.com/artist/2e53aHBQdCMKWqHDuyJsjC,Q45650,Free,London,United Kingdom,London,reported_place,accepted_exact_name,
177,London Grammar,2832139,1695264,3Bd1cgCjtCI32PYvDC3ynO,https://open.spotify.com/artist/3Bd1cgCjtCI32PYvDC3ynO,Q14557360,London Grammar,Nottingham,United Kingdom,Nottingham,reported_place,accepted_exact_name,
178,Pulp,2830863,1164307,36E7oYfz3LLRto6l2WmDcD,https://open.spotify.com/artist/36E7oYfz3LLRto6l2WmDcD,Q504464,Pulp,Sheffield,United Kingdom,Sheffield,reported_place,accepted_exact_name,
179,The Heavy,2796068,516287,0bZCak2tcRMY1dzEIuwF42,https://open.spotify.com/artist/0bZCak2tcRMY1dzEIuwF42,Q181241,The Heavy,Bath,United Kingdom,Bath,reported_place,accepted_exact_name,
180,Neck Deep,2790501,1843051,2TM0qnbJH4QPhGMCdPt7fH,https://open.spotify.com/artist/2TM0qnbJH4QPhGMCdPt7fH,Q16955493,Neck Deep,Wrexham,Wales,Wrexham,reported_place,accepted_exact_name,
181,DNA,2774617,18304,2rGm8R7YDTbqDCVlNssQyL,https://open.spotify.com/artist/2rGm8R7YDTbqDCVlNssQyL,Q1154629,DNA,Bath,England,Bath,reported_place,accepted_exact_name,
182,Frankie Goes To Hollywood,2758706,960764,1mZu3rO7qSD09GdDpePHhY,https://open.spotify.com/artist/1mZu3rO7qSD09GdDpePHhY,Q73597,Frankie Goes to Hollywood,Liverpool,United Kingdom,Liverpool,reported_place,accepted_exact_name,
183,Atomic Kitten,2751716,525204,6JMHws5haIO6V35YNYDnDw,https://open.spotify.com/artist/6JMHws5haIO6V35YNYDnDw,Q208392,Atomic Kitten,Liverpool,United Kingdom,Liverpool,reported_place,accepted_exact_name,
184,Faces,2718313,468654,3v4feUQnU3VEUqFrjmtekL,https://open.spotify.com/artist/3v4feUQnU3VEUqFrjmtekL,Q1136388,Faces,England,United Kingdom,,unresolved_generic_or_missing,accepted_exact_name,origin unresolved
185,Asia,2716602,774209,1bdytLV3FPjyhfrb6BhMej,https://open.spotify.com/artist/1bdytLV3FPjyhfrb6BhMej,Q726891,Asia,England,United Kingdom,,unresolved_generic_or_missing,accepted_exact_name,origin unresolved
186,The Waterboys,2670888,371425,5TnuP42pw475UrjjeabtwZ,https://open.spotify.com/artist/5TnuP42pw475UrjjeabtwZ,Q1422720,The Waterboys,United Kingdom,United Kingdom,London,reviewed_override,accepted_exact_name,
187,S Club,2628603,692814,0HNGrIbq1ZNO2mTp3tMW4L,https://open.spotify.com/artist/0HNGrIbq1ZNO2mTp3tMW4L,Q500759,S Club 7,London,United Kingdom,London,reported_place,accepted_reviewed_alias,
188,Still Corners,2608941,415092,4zKYrXs8iN4AeHmO8ZxNqp,https://open.spotify.com/artist/4zKYrXs8iN4AeHmO8ZxNqp,Q7617018,Still Corners,London,United Kingdom,London,reported_place,accepted_exact_name,
189,Asking Alexandria,2592556,2530673,1caBfBEapzw8z2Qz9q0OaQ,https://open.spotify.com/artist/1caBfBEapzw8z2Qz9q0OaQ,Q731642,Asking Alexandria,York,United Kingdom,York,reported_place,accepted_exact_name,
190,Mike + The Mechanics,2591206,794443,2yTUYhIf8fxptTIy3KLuJD,https://open.spotify.com/artist/2yTUYhIf8fxptTIy3KLuJD,Q653632,Mike and the Mechanics,Dover,United Kingdom,Dover,reported_place,accepted_exact_name,
191,All Saints,2567281,609132,5TDVKqW9uhqGjwwwKGuma4,https://open.spotify.com/artist/5TDVKqW9uhqGjwwwKGuma4,Q165386,All Saints,London,United Kingdom,London,reported_place,accepted_exact_name,
192,Sigma,2550591,360513,01pKrlgPJhm5dB4lneYAqS,https://open.spotify.com/artist/01pKrlgPJhm5dB4lneYAqS,Q16333772,Sigma,University of Leeds,United Kingdom,Leeds,reviewed_override,accepted_exact_name,
193,Mungo Jerry,2528248,142677,2mbvqMGpwLsakeH45p1Jrb,https://open.spotify.com/artist/2mbvqMGpwLsakeH45p1Jrb,Q1427200,Mungo Jerry,Ashford,United Kingdom,Ashford,reported_place,accepted_exact_name,
194,Moloko,2507932,516418,4aaBjq7VqqQvpSF69GglvO,https://open.spotify.com/artist/4aaBjq7VqqQvpSF69GglvO,Q1121732,Moloko,Sheffield,United Kingdom,Sheffield,reported_place,accepted_exact_name,
195,Status Quo,2503249,872142,4gIdjgLlvgEOz7MexDZzpM,https://open.spotify.com/artist/4gIdjgLlvgEOz7MexDZzpM,Q322265,Status Quo,London,United Kingdom,London,reported_place,accepted_exact_name,
196,The Darkness,2453090,510654,5r1bdqzhgRoHC3YcCV6N5a,https://open.spotify.com/artist/5r1bdqzhgRoHC3YcCV6N5a,Q421794,The Darkness,Lowestoft,United Kingdom,Lowestoft,reported_place,accepted_exact_name,
197,Texas,2420479,572024,5JsdVATHNPE0XdMFMRoSuf,https://open.spotify.com/artist/5JsdVATHNPE0XdMFMRoSuf,Q916484,Texas,Glasgow,United Kingdom,Glasgow,reported_place,accepted_exact_name,
198,Edison Lighthouse,2393214,80780,1NRzxuPpdGushT8YmF5NAa,https://open.spotify.com/artist/1NRzxuPpdGushT8YmF5NAa,Q1116554,Edison Lighthouse,London,United Kingdom,London,reported_place,accepted_exact_name,
199,Wang Chung,2358411,413141,6Zh3xrWlA0SA9Fsfj9AVwm,https://open.spotify.com/artist/6Zh3xrWlA0SA9Fsfj9AVwm,Q2030370,Wang Chung,London,United Kingdom,London,reported_place,accepted_exact_name,
200,The Cult,2277310,852449,49DW3KvkyjHO35mK1JnSyS,https://open.spotify.com/artist/49DW3KvkyjHO35mK1JnSyS,Q887376,The Cult,Q22905,United Kingdom,Bradford,reviewed_override,accepted_exact_name,formation place is an unresolved Wikidata ID
