origin_cluster,band_count,top_band,formation_qids,direct_entity_labels,matched_municipalities,candidate_fua_codes,candidate_fua_names,mapping_tier,fua_code,mapping_method,source_urls,notes
,266,Wings,Q131491|Q145|Q161491|Q18125|Q21|Q2213391|Q2256|Q23276|Q25|Q547071|Q7990577|Q826782|Q84|Q996492,Brighton|United Kingdom|Reading|Manchester|England|Croydon|Birmingham|Surrey|Wales|Farnborough|Whalley Range|Stafford|London|,,,,excluded_no_defensible_fua,,no_resolved_origin,https://www.oecd.org/content/dam/oecd/en/data/datasets/oecd-definition-of-cities-and-functional-urban-areas/list_of_municipalities_in_FUAs_and_Cities.csv|https://www.wikidata.org/wiki/Q996492,No FUA assignment is possible while the band's origin remains unresolved.
Andover,1,The Troggs,Q492805,Andover,Test Valley,UK520F,Southampton,strict,UK520F,official_oecd_municipality_crosswalk,https://www.oecd.org/content/dam/oecd/en/data/datasets/oecd-definition-of-cities-and-functional-urban-areas/list_of_municipalities_in_FUAs_and_Cities.csv|https://www.wikidata.org/wiki/Q492805,The official OECD municipality list assigns Test Valley to Southampton FUA.
Ashford,1,Mungo Jerry,Q725270,Ashford,Ashford|Spelthorne,UK001F|UK041F,Ashford|London,excluded_no_defensible_fua,,ambiguous_official_crosswalk,https://www.oecd.org/content/dam/oecd/en/data/datasets/oecd-definition-of-cities-and-functional-urban-areas/list_of_municipalities_in_FUAs_and_Cities.csv|https://www.wikidata.org/wiki/Q725270,"The available place hierarchy reaches multiple official FUAs: UK001F, UK041F."
Auchtermuchty,1,The Proclaimers,Q758624,Auchtermuchty,,,,excluded_no_defensible_fua,,no_reviewed_assignment,https://www.oecd.org/content/dam/oecd/en/data/datasets/oecd-definition-of-cities-and-functional-urban-areas/list_of_municipalities_in_FUAs_and_Cities.csv|https://www.wikidata.org/wiki/Q758624,No assignment is made because the resolved place is not in the official OECD municipality-to-FUA crosswalk.
Aylesbury,1,Marillion,Q213474,Aylesbury,,,,excluded_no_defensible_fua,,no_reviewed_assignment,https://www.oecd.org/content/dam/oecd/en/data/datasets/oecd-definition-of-cities-and-functional-urban-areas/list_of_municipalities_in_FUAs_and_Cities.csv|https://www.wikidata.org/wiki/Q213474,No assignment is made because the resolved place is not in the official OECD municipality-to-FUA crosswalk.
Bailiff Bridge,1,Embrace,Q4848439,Bailiff Bridge,Calderdale,UK003F,Leeds,strict,UK003F,official_oecd_municipality_crosswalk,https://www.oecd.org/content/dam/oecd/en/data/datasets/oecd-definition-of-cities-and-functional-urban-areas/list_of_municipalities_in_FUAs_and_Cities.csv|https://www.wikidata.org/wiki/Q4848439,The official OECD municipality list assigns Calderdale to Leeds FUA.
Bangor,1,Two Door Cinema Club,Q806551,Bangor,Ards and North Down,UK012F,Belfast,strict,UK012F,official_oecd_municipality_crosswalk,https://www.oecd.org/content/dam/oecd/en/data/datasets/oecd-definition-of-cities-and-functional-urban-areas/list_of_municipalities_in_FUAs_and_Cities.csv|https://www.wikidata.org/wiki/Q806551,The official OECD municipality list assigns Ards and North Down to Belfast FUA.
Barnsley,1,Saxon,Q54212,Barnsley,Barnsley,UK010F,Sheffield,strict,UK010F,official_oecd_municipality_crosswalk,https://www.oecd.org/content/dam/oecd/en/data/datasets/oecd-definition-of-cities-and-functional-urban-areas/list_of_municipalities_in_FUAs_and_Cities.csv|https://www.wikidata.org/wiki/Q54212,The official OECD municipality list assigns Barnsley to Sheffield FUA.
Basildon,2,Depeche Mode,Q216649,Basildon,Basildon,UK001F,London,strict,UK001F,official_oecd_municipality_crosswalk,https://www.oecd.org/content/dam/oecd/en/data/datasets/oecd-definition-of-cities-and-functional-urban-areas/list_of_municipalities_in_FUAs_and_Cities.csv|https://www.wikidata.org/wiki/Q216649,The official OECD municipality list assigns Basildon to London FUA.
Bath,3,Tears For Fears,Q22889,Bath,Bath and North East Somerset,UK031F,Bath and North East Somerset,strict,UK031F,official_oecd_municipality_crosswalk,https://www.oecd.org/content/dam/oecd/en/data/datasets/oecd-definition-of-cities-and-functional-urban-areas/list_of_municipalities_in_FUAs_and_Cities.csv|https://www.wikidata.org/wiki/Q22889,The official OECD municipality list assigns Bath and North East Somerset to Bath and North East Somerset FUA.
Battersea,1,Savoy Brown,Q1138912,Battersea,City of London|Wandsworth,UK001F,London,strict,UK001F,official_oecd_municipality_crosswalk,https://www.oecd.org/content/dam/oecd/en/data/datasets/oecd-definition-of-cities-and-functional-urban-areas/list_of_municipalities_in_FUAs_and_Cities.csv|https://www.wikidata.org/wiki/Q1138912,"The official OECD municipality list assigns City of London, Wandsworth to London FUA."
Battle,1,Keane,Q737593,Battle,Rother,UK056F,Hastings,strict,UK056F,official_oecd_municipality_crosswalk,https://www.oecd.org/content/dam/oecd/en/data/datasets/oecd-definition-of-cities-and-functional-urban-areas/list_of_municipalities_in_FUAs_and_Cities.csv|https://www.wikidata.org/wiki/Q737593,The official OECD municipality list assigns Rother to Hastings FUA.
Bedford,1,DON BROCO,Q208257,Bedford,Bedford,UK549F,Bedford,strict,UK549F,official_oecd_municipality_crosswalk,https://www.oecd.org/content/dam/oecd/en/data/datasets/oecd-definition-of-cities-and-functional-urban-areas/list_of_municipalities_in_FUAs_and_Cities.csv|https://www.wikidata.org/wiki/Q208257,The official OECD municipality list assigns Bedford to Bedford FUA.
Belfast,3,KNEECAP,Q10686,Belfast,Belfast,UK012F,Belfast,strict,UK012F,official_oecd_municipality_crosswalk,https://www.oecd.org/content/dam/oecd/en/data/datasets/oecd-definition-of-cities-and-functional-urban-areas/list_of_municipalities_in_FUAs_and_Cities.csv|https://www.wikidata.org/wiki/Q10686,The official OECD municipality list assigns Belfast to Belfast FUA.
Bellshill,2,Teenage Fanclub,Q680984,Bellshill,North Lanarkshire|South Lanarkshire,UK004F,Glasgow,strict,UK004F,official_oecd_municipality_crosswalk,https://www.oecd.org/content/dam/oecd/en/data/datasets/oecd-definition-of-cities-and-functional-urban-areas/list_of_municipalities_in_FUAs_and_Cities.csv|https://www.wikidata.org/wiki/Q680984,"The official OECD municipality list assigns North Lanarkshire, South Lanarkshire to Glasgow FUA."
Bexhill-on-Sea,1,Mumm-ra,Q853012,Bexhill-on-Sea,Rother,UK056F,Hastings,strict,UK056F,official_oecd_municipality_crosswalk,https://www.oecd.org/content/dam/oecd/en/data/datasets/oecd-definition-of-cities-and-functional-urban-areas/list_of_municipalities_in_FUAs_and_Cities.csv|https://www.wikidata.org/wiki/Q853012,The official OECD municipality list assigns Rother to Hastings FUA.
Birmingham,22,Black Sabbath,Q2256,Birmingham,Birmingham,UK002F,West Midlands urban area,strict,UK002F,official_oecd_municipality_crosswalk,https://www.oecd.org/content/dam/oecd/en/data/datasets/oecd-definition-of-cities-and-functional-urban-areas/list_of_municipalities_in_FUAs_and_Cities.csv|https://www.wikidata.org/wiki/Q2256,The official OECD municipality list assigns Birmingham to West Midlands urban area FUA.
Blackpool,1,Boston Manor,Q170377,Blackpool,Blackpool,UK553F,Blackpool,strict,UK553F,official_oecd_municipality_crosswalk,https://www.oecd.org/content/dam/oecd/en/data/datasets/oecd-definition-of-cities-and-functional-urban-areas/list_of_municipalities_in_FUAs_and_Cities.csv|https://www.wikidata.org/wiki/Q170377,The official OECD municipality list assigns Blackpool to Blackpool FUA.
Blackwood,1,Manic Street Preachers,Q880986,Blackwood,Caerphilly,UK009F,Cardiff,strict,UK009F,official_oecd_municipality_crosswalk,https://www.oecd.org/content/dam/oecd/en/data/datasets/oecd-definition-of-cities-and-functional-urban-areas/list_of_municipalities_in_FUAs_and_Cities.csv|https://www.wikidata.org/wiki/Q880986,The official OECD municipality list assigns Caerphilly to Cardiff FUA.
Bolton,1,Buzzcocks,Q184579,Bolton,Bolton,UK008F,Manchester,strict,UK008F,official_oecd_municipality_crosswalk,https://www.oecd.org/content/dam/oecd/en/data/datasets/oecd-definition-of-cities-and-functional-urban-areas/list_of_municipalities_in_FUAs_and_Cities.csv|https://www.wikidata.org/wiki/Q184579,The official OECD municipality list assigns Bolton to Manchester FUA.
Bracknell,1,The Hoosiers,Q783210,Bracknell,Bracknell Forest,UK573F,Bracknell Forest,strict,UK573F,official_oecd_municipality_crosswalk,https://www.oecd.org/content/dam/oecd/en/data/datasets/oecd-definition-of-cities-and-functional-urban-areas/list_of_municipalities_in_FUAs_and_Cities.csv|https://www.wikidata.org/wiki/Q783210,The official OECD municipality list assigns Bracknell Forest to Bracknell Forest FUA.
Bradford,4,The Cult,Q22905,,Bradford,UK003F,Leeds,strict,UK003F,official_oecd_municipality_crosswalk,https://www.oecd.org/content/dam/oecd/en/data/datasets/oecd-definition-of-cities-and-functional-urban-areas/list_of_municipalities_in_FUAs_and_Cities.csv|https://www.wikidata.org/wiki/Q22905,The official OECD municipality list assigns Bradford to Leeds FUA.
Bradford-on-Avon,1,Jesus Jones,Q896940,Bradford-on-Avon,,,,excluded_no_defensible_fua,,no_reviewed_assignment,https://www.oecd.org/content/dam/oecd/en/data/datasets/oecd-definition-of-cities-and-functional-urban-areas/list_of_municipalities_in_FUAs_and_Cities.csv|https://www.wikidata.org/wiki/Q896940,No assignment is made because the resolved place is not in the official OECD municipality-to-FUA crosswalk.
Braintree,1,The Prodigy,Q23240|Q676067,Essex|Braintree,,,,excluded_no_defensible_fua,,no_reviewed_assignment,https://www.oecd.org/content/dam/oecd/en/data/datasets/oecd-definition-of-cities-and-functional-urban-areas/list_of_municipalities_in_FUAs_and_Cities.csv|https://www.wikidata.org/wiki/Q676067,No assignment is made because the resolved place is not in the official OECD municipality-to-FUA crosswalk.
Bridgend,2,Bullet For My Valentine,Q6497774,Bridgend,,,,excluded_no_defensible_fua,,no_reviewed_assignment,https://www.oecd.org/content/dam/oecd/en/data/datasets/oecd-definition-of-cities-and-functional-urban-areas/list_of_municipalities_in_FUAs_and_Cities.csv|https://www.wikidata.org/wiki/Q6497774,No assignment is made because the resolved place is not in the official OECD municipality-to-FUA crosswalk.
Bridlington,1,Seafret,Q527391,Bridlington,East Riding of Yorkshire,UK026F,Kingston upon Hull,strict,UK026F,official_oecd_municipality_crosswalk,https://www.oecd.org/content/dam/oecd/en/data/datasets/oecd-definition-of-cities-and-functional-urban-areas/list_of_municipalities_in_FUAs_and_Cities.csv|https://www.wikidata.org/wiki/Q527391,The official OECD municipality list assigns East Riding of Yorkshire to Kingston upon Hull FUA.
Brighton,14,The Kooks,Q131491,Brighton,Brighton and Hove,UK515F,Brighton and Hove,strict,UK515F,official_oecd_municipality_crosswalk,https://www.oecd.org/content/dam/oecd/en/data/datasets/oecd-definition-of-cities-and-functional-urban-areas/list_of_municipalities_in_FUAs_and_Cities.csv|https://www.wikidata.org/wiki/Q131491,The official OECD municipality list assigns Brighton and Hove to Brighton and Hove FUA.
Bristol,7,Massive Attack,Q23154,Bristol,,,,strict,UK011F,exact_fua_label,https://www.oecd.org/content/dam/oecd/en/data/datasets/oecd-definition-of-cities-and-functional-urban-areas/list_of_municipalities_in_FUAs_and_Cities.csv|https://www.wikidata.org/wiki/Q23154,Origin matches an official or study FUA label.
Brixton,1,Flesh For Lulu,Q146690,Brixton,City of London|Lambeth,UK001F,London,strict,UK001F,official_oecd_municipality_crosswalk,https://www.oecd.org/content/dam/oecd/en/data/datasets/oecd-definition-of-cities-and-functional-urban-areas/list_of_municipalities_in_FUAs_and_Cities.csv|https://www.wikidata.org/wiki/Q146690,"The official OECD municipality list assigns City of London, Lambeth to London FUA."
Buckinghamshire,1,Fluke,Q23229,Buckinghamshire,,,,excluded_no_defensible_fua,,no_reviewed_assignment,https://www.oecd.org/content/dam/oecd/en/data/datasets/oecd-definition-of-cities-and-functional-urban-areas/list_of_municipalities_in_FUAs_and_Cities.csv|https://www.wikidata.org/wiki/Q23229,No assignment is made because the resolved place is not in the official OECD municipality-to-FUA crosswalk.
Burnley,1,Chumbawamba,Q209096,Burnley,Burnley,UK050F,Burnley,strict,UK050F,official_oecd_municipality_crosswalk,https://www.oecd.org/content/dam/oecd/en/data/datasets/oecd-definition-of-cities-and-functional-urban-areas/list_of_municipalities_in_FUAs_and_Cities.csv|https://www.wikidata.org/wiki/Q209096,The official OECD municipality list assigns Burnley to Burnley FUA.
Camberley,1,Bros,Q741400,Camberley,,,,excluded_no_defensible_fua,,no_reviewed_assignment,https://www.oecd.org/content/dam/oecd/en/data/datasets/oecd-definition-of-cities-and-functional-urban-areas/list_of_municipalities_in_FUAs_and_Cities.csv|https://www.wikidata.org/wiki/Q741400,No assignment is made because the resolved place is not in the official OECD municipality-to-FUA crosswalk.
Cambridge,5,Clean Bandit,Q350,Cambridge,Cambridge,UK017F,Cambridge,strict,UK017F,official_oecd_municipality_crosswalk,https://www.oecd.org/content/dam/oecd/en/data/datasets/oecd-definition-of-cities-and-functional-urban-areas/list_of_municipalities_in_FUAs_and_Cities.csv|https://www.wikidata.org/wiki/Q350,The official OECD municipality list assigns Cambridge to Cambridge FUA.
Cambridgeshire,1,"Black Country, New Road",Q23112,Cambridgeshire,,,,excluded_no_defensible_fua,,no_reviewed_assignment,https://www.oecd.org/content/dam/oecd/en/data/datasets/oecd-definition-of-cities-and-functional-urban-areas/list_of_municipalities_in_FUAs_and_Cities.csv|https://www.wikidata.org/wiki/Q23112,No assignment is made because the resolved place is not in the official OECD municipality-to-FUA crosswalk.
Canterbury,2,Moose Blood,Q1094104|Q29303,Canterbury|Canterbury,,,,excluded_no_defensible_fua,,no_reviewed_assignment,https://www.oecd.org/content/dam/oecd/en/data/datasets/oecd-definition-of-cities-and-functional-urban-areas/list_of_municipalities_in_FUAs_and_Cities.csv|https://www.wikidata.org/wiki/Q1094104|https://www.wikidata.org/wiki/Q29303,No assignment is made because the resolved place is not in the official OECD municipality-to-FUA crosswalk.
Cardiff,9,Los Campesinos!,Q10690,Cardiff,Cardiff,UK009F,Cardiff,strict,UK009F,official_oecd_municipality_crosswalk,https://www.oecd.org/content/dam/oecd/en/data/datasets/oecd-definition-of-cities-and-functional-urban-areas/list_of_municipalities_in_FUAs_and_Cities.csv|https://www.wikidata.org/wiki/Q10690,The official OECD municipality list assigns Cardiff to Cardiff FUA.
Carlisle,1,Spooky Tooth,Q192896,Carlisle,Carlisle,UK575F,Carlisle,excluded_missing_population,,official_fua_missing_population,https://www.oecd.org/content/dam/oecd/en/data/datasets/oecd-definition-of-cities-and-functional-urban-areas/list_of_municipalities_in_FUAs_and_Cities.csv|https://www.wikidata.org/wiki/Q192896,"The official OECD municipality list assigns Carlisle to Carlisle (UK575F), but that FUA is absent from the frozen population denominator."
Catford,1,Japan,Q305029,Catford,City of London|Lewisham,UK001F,London,strict,UK001F,official_oecd_municipality_crosswalk,https://www.oecd.org/content/dam/oecd/en/data/datasets/oecd-definition-of-cities-and-functional-urban-areas/list_of_municipalities_in_FUAs_and_Cities.csv|https://www.wikidata.org/wiki/Q305029,"The official OECD municipality list assigns City of London, Lewisham to London FUA."
Chelmsford,1,Nitzer Ebb,Q210985,Chelmsford,Chelmsford,UK001F,London,strict,UK001F,official_oecd_municipality_crosswalk,https://www.oecd.org/content/dam/oecd/en/data/datasets/oecd-definition-of-cities-and-functional-urban-areas/list_of_municipalities_in_FUAs_and_Cities.csv|https://www.wikidata.org/wiki/Q210985,The official OECD municipality list assigns Chelmsford to London FUA.
Chelsea,1,Generation X,Q743535,Chelsea,City of London|Kensington and Chelsea,UK001F,London,strict,UK001F,official_oecd_municipality_crosswalk,https://www.oecd.org/content/dam/oecd/en/data/datasets/oecd-definition-of-cities-and-functional-urban-areas/list_of_municipalities_in_FUAs_and_Cities.csv|https://www.wikidata.org/wiki/Q743535,"The official OECD municipality list assigns City of London, Kensington and Chelsea to London FUA."
Chingford,2,Blazin' Squad,Q3778007,Chingford,City of London|Waltham Forest,UK001F,London,strict,UK001F,official_oecd_municipality_crosswalk,https://www.oecd.org/content/dam/oecd/en/data/datasets/oecd-definition-of-cities-and-functional-urban-areas/list_of_municipalities_in_FUAs_and_Cities.csv|https://www.wikidata.org/wiki/Q3778007,"The official OECD municipality list assigns City of London, Waltham Forest to London FUA."
Cinderford,1,EMF,Q1242795,Cinderford,,,,excluded_no_defensible_fua,,no_reviewed_assignment,https://www.oecd.org/content/dam/oecd/en/data/datasets/oecd-definition-of-cities-and-functional-urban-areas/list_of_municipalities_in_FUAs_and_Cities.csv|https://www.wikidata.org/wiki/Q1242795,No assignment is made because the resolved place is not in the official OECD municipality-to-FUA crosswalk.
Clydebank,1,Wet Wet Wet,Q996502,Clydebank,East Dunbartonshire|Glasgow City|West Dunbartonshire,UK004F,Glasgow,strict,UK004F,official_oecd_municipality_crosswalk,https://www.oecd.org/content/dam/oecd/en/data/datasets/oecd-definition-of-cities-and-functional-urban-areas/list_of_municipalities_in_FUAs_and_Cities.csv|https://www.wikidata.org/wiki/Q996502,"The official OECD municipality list assigns East Dunbartonshire, Glasgow City, West Dunbartonshire to Glasgow FUA."
Colchester,1,Modern English,Q184163,Colchester,Colchester,UK546F,Colchester,strict,UK546F,official_oecd_municipality_crosswalk,https://www.oecd.org/content/dam/oecd/en/data/datasets/oecd-definition-of-cities-and-functional-urban-areas/list_of_municipalities_in_FUAs_and_Cities.csv|https://www.wikidata.org/wiki/Q184163,The official OECD municipality list assigns Colchester to Colchester FUA.
County Tyrone,1,The Irish Brigade,Q192229,County Tyrone,,,,excluded_no_defensible_fua,,no_reviewed_assignment,https://www.oecd.org/content/dam/oecd/en/data/datasets/oecd-definition-of-cities-and-functional-urban-areas/list_of_municipalities_in_FUAs_and_Cities.csv|https://www.wikidata.org/wiki/Q192229,No assignment is made because the resolved place is not in the official OECD municipality-to-FUA crosswalk.
Coventry,5,The Specials,Q6225,Coventry,Coventry,UK025F,Coventry,strict,UK025F,official_oecd_municipality_crosswalk,https://www.oecd.org/content/dam/oecd/en/data/datasets/oecd-definition-of-cities-and-functional-urban-areas/list_of_municipalities_in_FUAs_and_Cities.csv|https://www.wikidata.org/wiki/Q6225,The official OECD municipality list assigns Coventry to Coventry FUA.
Crawley,1,The Cure,Q844908,Crawley,Crawley,UK576F,Crawley,strict,UK576F,official_oecd_municipality_crosswalk,https://www.oecd.org/content/dam/oecd/en/data/datasets/oecd-definition-of-cities-and-functional-urban-areas/list_of_municipalities_in_FUAs_and_Cities.csv|https://www.wikidata.org/wiki/Q844908,The official OECD municipality list assigns Crawley to Crawley FUA.
Crouch End,1,Bombay Bicycle Club,Q24502,Crouch End,City of London|Haringey,UK001F,London,strict,UK001F,official_oecd_municipality_crosswalk,https://www.oecd.org/content/dam/oecd/en/data/datasets/oecd-definition-of-cities-and-functional-urban-areas/list_of_municipalities_in_FUAs_and_Cities.csv|https://www.wikidata.org/wiki/Q24502,"The official OECD municipality list assigns City of London, Haringey to London FUA."
Croydon,1,Saint Etienne,Q2213391,Croydon,City of London|Croydon,UK001F,London,strict,UK001F,official_oecd_municipality_crosswalk,https://www.oecd.org/content/dam/oecd/en/data/datasets/oecd-definition-of-cities-and-functional-urban-areas/list_of_municipalities_in_FUAs_and_Cities.csv|https://www.wikidata.org/wiki/Q2213391,"The official OECD municipality list assigns City of London, Croydon to London FUA."
Cwmaman,1,Stereophonics,Q3365170,Cwmaman,Rhondda Cynon Taf,UK009F,Cardiff,strict,UK009F,official_oecd_municipality_crosswalk,https://www.oecd.org/content/dam/oecd/en/data/datasets/oecd-definition-of-cities-and-functional-urban-areas/list_of_municipalities_in_FUAs_and_Cities.csv|https://www.wikidata.org/wiki/Q3365170,The official OECD municipality list assigns Rhondda Cynon Taf to Cardiff FUA.
Dalmarnock,1,Glasvegas,Q5211522,Dalmarnock,East Dunbartonshire|Glasgow City|North Lanarkshire|South Lanarkshire,UK004F,Glasgow,strict,UK004F,official_oecd_municipality_crosswalk,https://www.oecd.org/content/dam/oecd/en/data/datasets/oecd-definition-of-cities-and-functional-urban-areas/list_of_municipalities_in_FUAs_and_Cities.csv|https://www.wikidata.org/wiki/Q5211522,"The official OECD municipality list assigns East Dunbartonshire, Glasgow City, North Lanarkshire, South Lanarkshire to Glasgow FUA."
Derby,1,The Struts,Q43475,Derby,Derby,UK518F,Derby,strict,UK518F,official_oecd_municipality_crosswalk,https://www.oecd.org/content/dam/oecd/en/data/datasets/oecd-definition-of-cities-and-functional-urban-areas/list_of_municipalities_in_FUAs_and_Cities.csv|https://www.wikidata.org/wiki/Q43475,The official OECD municipality list assigns Derby to Derby FUA.
Derry,1,The Undertones,Q163584,Derry,Derry City and Strabane,UK586F,Derry & Strabane Local Government District,strict,UK586F,official_oecd_municipality_crosswalk,https://www.oecd.org/content/dam/oecd/en/data/datasets/oecd-definition-of-cities-and-functional-urban-areas/list_of_municipalities_in_FUAs_and_Cities.csv|https://www.wikidata.org/wiki/Q163584,The official OECD municipality list assigns Derry City and Strabane to Derry & Strabane Local Government District FUA.
Dorset,1,Electric Wizard,Q23159,Dorset,,,,excluded_no_defensible_fua,,no_reviewed_assignment,https://www.oecd.org/content/dam/oecd/en/data/datasets/oecd-definition-of-cities-and-functional-urban-areas/list_of_municipalities_in_FUAs_and_Cities.csv|https://www.wikidata.org/wiki/Q23159,No assignment is made because the resolved place is not in the official OECD municipality-to-FUA crosswalk.
Downpatrick,1,Ash,Q1024917,Downpatrick,,,,excluded_no_defensible_fua,,no_reviewed_assignment,https://www.oecd.org/content/dam/oecd/en/data/datasets/oecd-definition-of-cities-and-functional-urban-areas/list_of_municipalities_in_FUAs_and_Cities.csv|https://www.wikidata.org/wiki/Q1024917,No assignment is made because the resolved place is not in the official OECD municipality-to-FUA crosswalk.
Droitwich Spa,1,Grim Reaper,Q1260116,Droitwich Spa,,,,excluded_no_defensible_fua,,no_reviewed_assignment,https://www.oecd.org/content/dam/oecd/en/data/datasets/oecd-definition-of-cities-and-functional-urban-areas/list_of_municipalities_in_FUAs_and_Cities.csv|https://www.wikidata.org/wiki/Q1260116,No assignment is made because the resolved place is not in the official OECD municipality-to-FUA crosswalk.
Dublin,1,The Nolans,Q1761,Dublin,,,,excluded_non_uk,,outside_uk_fua_universe,https://www.oecd.org/content/dam/oecd/en/data/datasets/oecd-definition-of-cities-and-functional-urban-areas/list_of_municipalities_in_FUAs_and_Cities.csv|https://www.wikidata.org/wiki/Q1761,Dublin is outside the UK FUA universe.
Dundee,4,Snow Patrol,Q123709,Dundee,Angus|Dundee City,UK550F,Dundee City,strict,UK550F,official_oecd_municipality_crosswalk,https://www.oecd.org/content/dam/oecd/en/data/datasets/oecd-definition-of-cities-and-functional-urban-areas/list_of_municipalities_in_FUAs_and_Cities.csv|https://www.wikidata.org/wiki/Q123709,"The official OECD municipality list assigns Angus, Dundee City to Dundee City FUA."
Dunfermline,3,Nazareth,Q211950,Dunfermline,,,,reviewed_extended,UK007F,reviewed_legacy_assignment,https://www.oecd.org/content/dam/oecd/en/data/datasets/oecd-definition-of-cities-and-functional-urban-areas/list_of_municipalities_in_FUAs_and_Cities.csv|https://www.wikidata.org/wiki/Q211950,Preserved from the reviewed top-200 mapping because the official municipality crosswalk does not resolve the reported place. Prior note: Included only in the extended sensitivity view as a reviewed association with Edinburgh FUA.
Ealing,2,White Lies,Q83726,Ealing,City of London|Ealing,UK001F,London,strict,UK001F,official_oecd_municipality_crosswalk,https://www.oecd.org/content/dam/oecd/en/data/datasets/oecd-definition-of-cities-and-functional-urban-areas/list_of_municipalities_in_FUAs_and_Cities.csv|https://www.wikidata.org/wiki/Q83726,"The official OECD municipality list assigns City of London, Ealing to London FUA."
East End of London,1,Cockney Rejects,Q739700,East End of London,City of London,UK001F,London,strict,UK001F,official_oecd_municipality_crosswalk,https://www.oecd.org/content/dam/oecd/en/data/datasets/oecd-definition-of-cities-and-functional-urban-areas/list_of_municipalities_in_FUAs_and_Cities.csv|https://www.wikidata.org/wiki/Q739700,The official OECD municipality list assigns City of London to London FUA.
East Grinstead,1,Right Said Fred,Q1277887,East Grinstead,,,,excluded_no_defensible_fua,,no_reviewed_assignment,https://www.oecd.org/content/dam/oecd/en/data/datasets/oecd-definition-of-cities-and-functional-urban-areas/list_of_municipalities_in_FUAs_and_Cities.csv|https://www.wikidata.org/wiki/Q1277887,No assignment is made because the resolved place is not in the official OECD municipality-to-FUA crosswalk.
East Kilbride,2,The Jesus and Mary Chain,Q654226,East Kilbride,East Renfrewshire|South Lanarkshire,UK004F,Glasgow,strict,UK004F,official_oecd_municipality_crosswalk,https://www.oecd.org/content/dam/oecd/en/data/datasets/oecd-definition-of-cities-and-functional-urban-areas/list_of_municipalities_in_FUAs_and_Cities.csv|https://www.wikidata.org/wiki/Q654226,"The official OECD municipality list assigns East Renfrewshire, South Lanarkshire to Glasgow FUA."
Eastbourne,1,Toploader,Q208262,Eastbourne,Eastbourne,UK055F,Eastbourne,strict,UK055F,official_oecd_municipality_crosswalk,https://www.oecd.org/content/dam/oecd/en/data/datasets/oecd-definition-of-cities-and-functional-urban-areas/list_of_municipalities_in_FUAs_and_Cities.csv|https://www.wikidata.org/wiki/Q208262,The official OECD municipality list assigns Eastbourne to Eastbourne FUA.
Edinburgh,11,Pilot,Q23436,Edinburgh,City of Edinburgh|Midlothian,UK007F,Edinburgh,strict,UK007F,official_oecd_municipality_crosswalk,https://www.oecd.org/content/dam/oecd/en/data/datasets/oecd-definition-of-cities-and-functional-urban-areas/list_of_municipalities_in_FUAs_and_Cities.csv|https://www.wikidata.org/wiki/Q23436,"The official OECD municipality list assigns City of Edinburgh, Midlothian to Edinburgh FUA."
Eel Pie Island,1,Mystery Jets,Q3048859,Eel Pie Island,City of London|Richmond upon Thames,UK001F,London,strict,UK001F,official_oecd_municipality_crosswalk,https://www.oecd.org/content/dam/oecd/en/data/datasets/oecd-definition-of-cities-and-functional-urban-areas/list_of_municipalities_in_FUAs_and_Cities.csv|https://www.wikidata.org/wiki/Q3048859,"The official OECD municipality list assigns City of London, Richmond upon Thames to London FUA."
Essex,2,The Tremeloes,Q23240,Essex,,,,excluded_no_defensible_fua,,no_reviewed_assignment,https://www.oecd.org/content/dam/oecd/en/data/datasets/oecd-definition-of-cities-and-functional-urban-areas/list_of_municipalities_in_FUAs_and_Cities.csv|https://www.wikidata.org/wiki/Q23240,No assignment is made because the resolved place is not in the official OECD municipality-to-FUA crosswalk.
Exeter,1,Black Foxxes,Q134672,Exeter,Exeter,UK018F,Exeter,strict,UK018F,official_oecd_municipality_crosswalk,https://www.oecd.org/content/dam/oecd/en/data/datasets/oecd-definition-of-cities-and-functional-urban-areas/list_of_municipalities_in_FUAs_and_Cities.csv|https://www.wikidata.org/wiki/Q134672,The official OECD municipality list assigns Exeter to Exeter FUA.
Failsworth,1,Puressence,Q2346848,Failsworth,Oldham,UK008F,Manchester,strict,UK008F,official_oecd_municipality_crosswalk,https://www.oecd.org/content/dam/oecd/en/data/datasets/oecd-definition-of-cities-and-functional-urban-areas/list_of_municipalities_in_FUAs_and_Cities.csv|https://www.wikidata.org/wiki/Q2346848,The official OECD municipality list assigns Oldham to Manchester FUA.
Falkirk,1,Arab Strap,Q623687,Falkirk,Falkirk,UK551F,Falkirk,strict,UK551F,official_oecd_municipality_crosswalk,https://www.oecd.org/content/dam/oecd/en/data/datasets/oecd-definition-of-cities-and-functional-urban-areas/list_of_municipalities_in_FUAs_and_Cities.csv|https://www.wikidata.org/wiki/Q623687,The official OECD municipality list assigns Falkirk to Falkirk FUA.
Folkestone,1,Fast Food Rockers,Q375314,Folkestone,,,,excluded_no_defensible_fua,,no_reviewed_assignment,https://www.oecd.org/content/dam/oecd/en/data/datasets/oecd-definition-of-cities-and-functional-urban-areas/list_of_municipalities_in_FUAs_and_Cities.csv|https://www.wikidata.org/wiki/Q375314,No assignment is made because the resolved place is not in the official OECD municipality-to-FUA crosswalk.
Glasgow,22,Franz Ferdinand,Q4093,Glasgow,East Dunbartonshire|Glasgow City|North Lanarkshire,UK004F,Glasgow,strict,UK004F,official_oecd_municipality_crosswalk,https://www.oecd.org/content/dam/oecd/en/data/datasets/oecd-definition-of-cities-and-functional-urban-areas/list_of_municipalities_in_FUAs_and_Cities.csv|https://www.wikidata.org/wiki/Q4093,"The official OECD municipality list assigns East Dunbartonshire, Glasgow City, North Lanarkshire to Glasgow FUA."
Glastonbury,1,Reef,Q210891,Glastonbury,,,,excluded_no_defensible_fua,,no_reviewed_assignment,https://www.oecd.org/content/dam/oecd/en/data/datasets/oecd-definition-of-cities-and-functional-urban-areas/list_of_municipalities_in_FUAs_and_Cities.csv|https://www.wikidata.org/wiki/Q210891,No assignment is made because the resolved place is not in the official OECD municipality-to-FUA crosswalk.
Godalming,1,Genesis,Q23276|Q909146,Surrey|Godalming,Waverley,UK033F,Guildford,strict,UK033F,official_oecd_municipality_crosswalk,https://www.oecd.org/content/dam/oecd/en/data/datasets/oecd-definition-of-cities-and-functional-urban-areas/list_of_municipalities_in_FUAs_and_Cities.csv|https://www.wikidata.org/wiki/Q909146,The official OECD municipality list assigns Waverley to Guildford FUA.
Grangemouth,1,Cocteau Twins,Q617845,Grangemouth,Falkirk,UK551F,Falkirk,strict,UK551F,official_oecd_municipality_crosswalk,https://www.oecd.org/content/dam/oecd/en/data/datasets/oecd-definition-of-cities-and-functional-urban-areas/list_of_municipalities_in_FUAs_and_Cities.csv|https://www.wikidata.org/wiki/Q617845,The official OECD municipality list assigns Falkirk to Falkirk FUA.
Great Yarmouth,1,Catherine Wheel,Q237253,Great Yarmouth,Great Yarmouth,UK051F,Great Yarmouth,strict,UK051F,official_oecd_municipality_crosswalk,https://www.oecd.org/content/dam/oecd/en/data/datasets/oecd-definition-of-cities-and-functional-urban-areas/list_of_municipalities_in_FUAs_and_Cities.csv|https://www.wikidata.org/wiki/Q237253,The official OECD municipality list assigns Great Yarmouth to Great Yarmouth FUA.
Guildford,3,The Stranglers,Q213465,Guildford,Guildford,UK033F,Guildford,strict,UK033F,official_oecd_municipality_crosswalk,https://www.oecd.org/content/dam/oecd/en/data/datasets/oecd-definition-of-cities-and-functional-urban-areas/list_of_municipalities_in_FUAs_and_Cities.csv|https://www.wikidata.org/wiki/Q213465,The official OECD municipality list assigns Guildford to Guildford FUA.
Halifax,1,Paradise Lost,Q826561,Halifax,Calderdale,UK003F,Leeds,strict,UK003F,official_oecd_municipality_crosswalk,https://www.oecd.org/content/dam/oecd/en/data/datasets/oecd-definition-of-cities-and-functional-urban-areas/list_of_municipalities_in_FUAs_and_Cities.csv|https://www.wikidata.org/wiki/Q826561,The official OECD municipality list assigns Calderdale to Leeds FUA.
Hamburg,1,Nektar,Q1055,Hamburg,,,,excluded_non_uk,,outside_uk_fua_universe,https://www.oecd.org/content/dam/oecd/en/data/datasets/oecd-definition-of-cities-and-functional-urban-areas/list_of_municipalities_in_FUAs_and_Cities.csv|https://www.wikidata.org/wiki/Q1055,Hamburg is outside the UK FUA universe.
Hampshire,1,Ward Thomas,Q23204,Hampshire,,,,excluded_no_defensible_fua,,no_reviewed_assignment,https://www.oecd.org/content/dam/oecd/en/data/datasets/oecd-definition-of-cities-and-functional-urban-areas/list_of_municipalities_in_FUAs_and_Cities.csv|https://www.wikidata.org/wiki/Q23204,No assignment is made because the resolved place is not in the official OECD municipality-to-FUA crosswalk.
Harlow,1,Warning,Q852729,Harlow,Harlow,UK001F,London,strict,UK001F,official_oecd_municipality_crosswalk,https://www.oecd.org/content/dam/oecd/en/data/datasets/oecd-definition-of-cities-and-functional-urban-areas/list_of_municipalities_in_FUAs_and_Cities.csv|https://www.wikidata.org/wiki/Q852729,The official OECD municipality list assigns Harlow to London FUA.
Harrow,1,Blancmange,Q54961,Harrow,City of London|Harrow,UK001F,London,strict,UK001F,official_oecd_municipality_crosswalk,https://www.oecd.org/content/dam/oecd/en/data/datasets/oecd-definition-of-cities-and-functional-urban-areas/list_of_municipalities_in_FUAs_and_Cities.csv|https://www.wikidata.org/wiki/Q54961,"The official OECD municipality list assigns City of London, Harrow to London FUA."
Hartlepool,1,Sneaker Pimps,Q215752,Hartlepool,Hartlepool,UK559F,Middlesbrough,strict,UK559F,official_oecd_municipality_crosswalk,https://www.oecd.org/content/dam/oecd/en/data/datasets/oecd-definition-of-cities-and-functional-urban-areas/list_of_municipalities_in_FUAs_and_Cities.csv|https://www.wikidata.org/wiki/Q215752,The official OECD municipality list assigns Hartlepool to Middlesbrough FUA.
Hatfield,1,Babe Ruth,Q19788,Hatfield,Welwyn Hatfield,UK001F,London,strict,UK001F,official_oecd_municipality_crosswalk,https://www.oecd.org/content/dam/oecd/en/data/datasets/oecd-definition-of-cities-and-functional-urban-areas/list_of_municipalities_in_FUAs_and_Cities.csv|https://www.wikidata.org/wiki/Q19788,The official OECD municipality list assigns Welwyn Hatfield to London FUA.
Hemel Hempstead,1,Porcupine Tree,Q3532,Hemel Hempstead,Dacorum,UK556F,Dacorum,strict,UK556F,official_oecd_municipality_crosswalk,https://www.oecd.org/content/dam/oecd/en/data/datasets/oecd-definition-of-cities-and-functional-urban-areas/list_of_municipalities_in_FUAs_and_Cities.csv|https://www.wikidata.org/wiki/Q3532,The official OECD municipality list assigns Dacorum to Dacorum FUA.
Hendon,1,Snuff,Q149787,Hendon,Barnet|City of London,UK001F,London,strict,UK001F,official_oecd_municipality_crosswalk,https://www.oecd.org/content/dam/oecd/en/data/datasets/oecd-definition-of-cities-and-functional-urban-areas/list_of_municipalities_in_FUAs_and_Cities.csv|https://www.wikidata.org/wiki/Q149787,"The official OECD municipality list assigns Barnet, City of London to London FUA."
Hereford,1,Pretenders,Q204720,Hereford,,,,excluded_no_defensible_fua,,no_reviewed_assignment,https://www.oecd.org/content/dam/oecd/en/data/datasets/oecd-definition-of-cities-and-functional-urban-areas/list_of_municipalities_in_FUAs_and_Cities.csv|https://www.wikidata.org/wiki/Q204720,No assignment is made because the resolved place is not in the official OECD municipality-to-FUA crosswalk.
Herefordshire,1,Mott The Hoople,Q23129,Herefordshire,,,,excluded_no_defensible_fua,,no_reviewed_assignment,https://www.oecd.org/content/dam/oecd/en/data/datasets/oecd-definition-of-cities-and-functional-urban-areas/list_of_municipalities_in_FUAs_and_Cities.csv|https://www.wikidata.org/wiki/Q23129,No assignment is made because the resolved place is not in the official OECD municipality-to-FUA crosswalk.
Hertford,2,Deep Purple,Q21|Q84|Q9681,England|London|Hertford,East Hertfordshire,UK001F,London,strict,UK001F,official_oecd_municipality_crosswalk,https://www.oecd.org/content/dam/oecd/en/data/datasets/oecd-definition-of-cities-and-functional-urban-areas/list_of_municipalities_in_FUAs_and_Cities.csv|https://www.wikidata.org/wiki/Q9681,The official OECD municipality list assigns East Hertfordshire to London FUA.
High Wycombe,1,Young Guns,Q64116,High Wycombe,,,,excluded_no_defensible_fua,,no_reviewed_assignment,https://www.oecd.org/content/dam/oecd/en/data/datasets/oecd-definition-of-cities-and-functional-urban-areas/list_of_municipalities_in_FUAs_and_Cities.csv|https://www.wikidata.org/wiki/Q64116,No assignment is made because the resolved place is not in the official OECD municipality-to-FUA crosswalk.
Hounslow,1,Dodgy,Q2022317,Hounslow,City of London|Hounslow,UK001F,London,strict,UK001F,official_oecd_municipality_crosswalk,https://www.oecd.org/content/dam/oecd/en/data/datasets/oecd-definition-of-cities-and-functional-urban-areas/list_of_municipalities_in_FUAs_and_Cities.csv|https://www.wikidata.org/wiki/Q2022317,"The official OECD municipality list assigns City of London, Hounslow to London FUA."
Hoylake,1,The Coral,Q2024069,Hoylake,Wirral,UK006F,Liverpool,strict,UK006F,official_oecd_municipality_crosswalk,https://www.oecd.org/content/dam/oecd/en/data/datasets/oecd-definition-of-cities-and-functional-urban-areas/list_of_municipalities_in_FUAs_and_Cities.csv|https://www.wikidata.org/wiki/Q2024069,The official OECD municipality list assigns Wirral to Liverpool FUA.
Huddersfield,1,Evile,Q201812,Huddersfield,Kirklees,UK003F,Leeds,strict,UK003F,official_oecd_municipality_crosswalk,https://www.oecd.org/content/dam/oecd/en/data/datasets/oecd-definition-of-cities-and-functional-urban-areas/list_of_municipalities_in_FUAs_and_Cities.csv|https://www.wikidata.org/wiki/Q201812,The official OECD municipality list assigns Kirklees to Leeds FUA.
Hunstanton,1,Deaf Havana,Q617188,Hunstanton,,,,excluded_no_defensible_fua,,no_reviewed_assignment,https://www.oecd.org/content/dam/oecd/en/data/datasets/oecd-definition-of-cities-and-functional-urban-areas/list_of_municipalities_in_FUAs_and_Cities.csv|https://www.wikidata.org/wiki/Q617188,No assignment is made because the resolved place is not in the official OECD municipality-to-FUA crosswalk.
Isle of Wight,2,Wet Leg,Q9679,,,,,excluded_no_defensible_fua,,no_reviewed_assignment,https://www.oecd.org/content/dam/oecd/en/data/datasets/oecd-definition-of-cities-and-functional-urban-areas/list_of_municipalities_in_FUAs_and_Cities.csv|https://www.wikidata.org/wiki/Q9679,No assignment is made because the resolved place is not in the official OECD municipality-to-FUA crosswalk.
Keighley,2,Skeletal Family,Q990168,Keighley,Bradford,UK003F,Leeds,strict,UK003F,official_oecd_municipality_crosswalk,https://www.oecd.org/content/dam/oecd/en/data/datasets/oecd-definition-of-cities-and-functional-urban-areas/list_of_municipalities_in_FUAs_and_Cities.csv|https://www.wikidata.org/wiki/Q990168,The official OECD municipality list assigns Bradford to Leeds FUA.
Kettering,1,Temples,Q984613,Kettering,,,,excluded_no_defensible_fua,,no_reviewed_assignment,https://www.oecd.org/content/dam/oecd/en/data/datasets/oecd-definition-of-cities-and-functional-urban-areas/list_of_municipalities_in_FUAs_and_Cities.csv|https://www.wikidata.org/wiki/Q984613,No assignment is made because the resolved place is not in the official OECD municipality-to-FUA crosswalk.
Kilmarnock,1,Biffy Clyro,Q576562,Kilmarnock,,,,excluded_no_defensible_fua,,no_reviewed_assignment,https://www.oecd.org/content/dam/oecd/en/data/datasets/oecd-definition-of-cities-and-functional-urban-areas/list_of_municipalities_in_FUAs_and_Cities.csv|https://www.wikidata.org/wiki/Q576562,No assignment is made because the resolved place is not in the official OECD municipality-to-FUA crosswalk.
Kilsyth,1,The Twilight Sad,Q1010328,Kilsyth,Falkirk|North Lanarkshire,UK004F|UK551F,Falkirk|Glasgow,excluded_no_defensible_fua,,ambiguous_official_crosswalk,https://www.oecd.org/content/dam/oecd/en/data/datasets/oecd-definition-of-cities-and-functional-urban-areas/list_of_municipalities_in_FUAs_and_Cities.csv|https://www.wikidata.org/wiki/Q1010328,"The available place hierarchy reaches multiple official FUAs: UK004F, UK551F."
Kingston upon Hull,4,Everything But The Girl,Q128147,Kingston upon Hull,East Riding of Yorkshire,UK026F,Kingston upon Hull,strict,UK026F,official_oecd_municipality_crosswalk,https://www.oecd.org/content/dam/oecd/en/data/datasets/oecd-definition-of-cities-and-functional-urban-areas/list_of_municipalities_in_FUAs_and_Cities.csv|https://www.wikidata.org/wiki/Q128147,The official OECD municipality list assigns East Riding of Yorkshire to Kingston upon Hull FUA.
Kirkby,1,China Crisis,Q2469070,Kirkby,Knowsley,UK006F,Liverpool,strict,UK006F,official_oecd_municipality_crosswalk,https://www.oecd.org/content/dam/oecd/en/data/datasets/oecd-definition-of-cities-and-functional-urban-areas/list_of_municipalities_in_FUAs_and_Cities.csv|https://www.wikidata.org/wiki/Q2469070,The official OECD municipality list assigns Knowsley to Liverpool FUA.
Ladbroke Grove,1,Hawkwind,Q15030864,Ladbroke Grove,City of London|Kensington and Chelsea,UK001F,London,strict,UK001F,official_oecd_municipality_crosswalk,https://www.oecd.org/content/dam/oecd/en/data/datasets/oecd-definition-of-cities-and-functional-urban-areas/list_of_municipalities_in_FUAs_and_Cities.csv|https://www.wikidata.org/wiki/Q15030864,"The official OECD municipality list assigns City of London, Kensington and Chelsea to London FUA."
Larne,1,Therapy?,Q935686,Larne,,,,excluded_no_defensible_fua,,no_reviewed_assignment,https://www.oecd.org/content/dam/oecd/en/data/datasets/oecd-definition-of-cities-and-functional-urban-areas/list_of_municipalities_in_FUAs_and_Cities.csv|https://www.wikidata.org/wiki/Q935686,No assignment is made because the resolved place is not in the official OECD municipality-to-FUA crosswalk.
Leeds,11,alt-J,Q39121,Leeds,Leeds,UK003F,Leeds,strict,UK003F,official_oecd_municipality_crosswalk,https://www.oecd.org/content/dam/oecd/en/data/datasets/oecd-definition-of-cities-and-functional-urban-areas/list_of_municipalities_in_FUAs_and_Cities.csv|https://www.wikidata.org/wiki/Q39121,The official OECD municipality list assigns Leeds to Leeds FUA.
Leek,1,Demon,Q2070717,Leek,Staffordshire Moorlands,UK027F,Stoke-on-Trent,strict,UK027F,official_oecd_municipality_crosswalk,https://www.oecd.org/content/dam/oecd/en/data/datasets/oecd-definition-of-cities-and-functional-urban-areas/list_of_municipalities_in_FUAs_and_Cities.csv|https://www.wikidata.org/wiki/Q2070717,The official OECD municipality list assigns Staffordshire Moorlands to Stoke-on-Trent FUA.
Leicester,2,Kasabian,Q83065,Leicester,Leicester,UK014F,Leicester,strict,UK014F,official_oecd_municipality_crosswalk,https://www.oecd.org/content/dam/oecd/en/data/datasets/oecd-definition-of-cities-and-functional-urban-areas/list_of_municipalities_in_FUAs_and_Cities.csv|https://www.wikidata.org/wiki/Q83065,The official OECD municipality list assigns Leicester to Leicester FUA.
Leicestershire,1,The Daydream Club,Q23106,Leicestershire,,,,excluded_no_defensible_fua,,no_reviewed_assignment,https://www.oecd.org/content/dam/oecd/en/data/datasets/oecd-definition-of-cities-and-functional-urban-areas/list_of_municipalities_in_FUAs_and_Cities.csv|https://www.wikidata.org/wiki/Q23106,No assignment is made because the resolved place is not in the official OECD municipality-to-FUA crosswalk.
Leighton Buzzard,1,Kajagoogoo,Q2462645,Leighton Buzzard,,,,excluded_no_defensible_fua,,no_reviewed_assignment,https://www.oecd.org/content/dam/oecd/en/data/datasets/oecd-definition-of-cities-and-functional-urban-areas/list_of_municipalities_in_FUAs_and_Cities.csv|https://www.wikidata.org/wiki/Q2462645,No assignment is made because the resolved place is not in the official OECD municipality-to-FUA crosswalk.
Leuchars,1,Danny Wilson,Q1011960,Leuchars,,,,excluded_no_defensible_fua,,no_reviewed_assignment,https://www.oecd.org/content/dam/oecd/en/data/datasets/oecd-definition-of-cities-and-functional-urban-areas/list_of_municipalities_in_FUAs_and_Cities.csv|https://www.wikidata.org/wiki/Q1011960,No assignment is made because the resolved place is not in the official OECD municipality-to-FUA crosswalk.
Little Hulton,1,Happy Mondays,Q6650377,Little Hulton,Salford,UK008F,Manchester,strict,UK008F,official_oecd_municipality_crosswalk,https://www.oecd.org/content/dam/oecd/en/data/datasets/oecd-definition-of-cities-and-functional-urban-areas/list_of_municipalities_in_FUAs_and_Cities.csv|https://www.wikidata.org/wiki/Q6650377,The official OECD municipality list assigns Salford to Manchester FUA.
Liverpool,35,The Beatles,Q24826,Liverpool,Liverpool,UK006F,Liverpool,strict,UK006F,official_oecd_municipality_crosswalk,https://www.oecd.org/content/dam/oecd/en/data/datasets/oecd-definition-of-cities-and-functional-urban-areas/list_of_municipalities_in_FUAs_and_Cities.csv|https://www.wikidata.org/wiki/Q24826,The official OECD municipality list assigns Liverpool to Liverpool FUA.
London,245,Coldplay,Q10996|Q149556|Q205679|Q205817|Q21|Q2308650|Q2750829|Q6537297|Q84,Bushey|West Hampstead|London Borough of Hackney|London Borough of Islington|England|Deptford|Leyton|Lewisham|London,Camden|City of London|Greenwich|Hackney|Hertsmere|Islington|Lewisham|Waltham Forest,UK001F,London,strict,UK001F,official_oecd_municipality_crosswalk,https://www.oecd.org/content/dam/oecd/en/data/datasets/oecd-definition-of-cities-and-functional-urban-areas/list_of_municipalities_in_FUAs_and_Cities.csv|https://www.wikidata.org/wiki/Q10996|https://www.wikidata.org/wiki/Q149556|https://www.wikidata.org/wiki/Q205679|https://www.wikidata.org/wiki/Q205817|https://www.wikidata.org/wiki/Q21|https://www.wikidata.org/wiki/Q2308650|https://www.wikidata.org/wiki/Q2750829|https://www.wikidata.org/wiki/Q6537297|https://www.wikidata.org/wiki/Q84,"The official OECD municipality list assigns Camden, City of London, Greenwich, Hackney, Hertsmere, Islington, Lewisham, Waltham Forest to London FUA."
Lowestoft,1,The Darkness,Q986007,Lowestoft,East Suffolk,UK569F,Ipswich,strict,UK569F,official_oecd_municipality_crosswalk,https://www.oecd.org/content/dam/oecd/en/data/datasets/oecd-definition-of-cities-and-functional-urban-areas/list_of_municipalities_in_FUAs_and_Cities.csv|https://www.wikidata.org/wiki/Q986007,The official OECD municipality list assigns East Suffolk to Ipswich FUA.
Luton,1,Jethro Tull,Q203889,Luton,Luton,UK532F,Luton,strict,UK532F,official_oecd_municipality_crosswalk,https://www.oecd.org/content/dam/oecd/en/data/datasets/oecd-definition-of-cities-and-functional-urban-areas/list_of_municipalities_in_FUAs_and_Cities.csv|https://www.wikidata.org/wiki/Q203889,The official OECD municipality list assigns Luton to Luton FUA.
Macclesfield,1,Cassia,Q868637,Macclesfield,Cheshire East,UK008F,Manchester,strict,UK008F,official_oecd_municipality_crosswalk,https://www.oecd.org/content/dam/oecd/en/data/datasets/oecd-definition-of-cities-and-functional-urban-areas/list_of_municipalities_in_FUAs_and_Cities.csv|https://www.wikidata.org/wiki/Q868637,The official OECD municipality list assigns Cheshire East to Manchester FUA.
Manchester,41,Oasis,Q18125|Q18655|Q2011497|Q208143|Q47952,Manchester|Stockport|Wilmslow|Wigan|Salford,Manchester,UK008F,Manchester,strict,UK008F,official_oecd_municipality_crosswalk,https://www.oecd.org/content/dam/oecd/en/data/datasets/oecd-definition-of-cities-and-functional-urban-areas/list_of_municipalities_in_FUAs_and_Cities.csv|https://www.wikidata.org/wiki/Q18125,The official OECD municipality list assigns Manchester to Manchester FUA.
Mansfield,1,B-Movie,Q841979,Mansfield,Mansfield,UK046F,Mansfield,strict,UK046F,official_oecd_municipality_crosswalk,https://www.oecd.org/content/dam/oecd/en/data/datasets/oecd-definition-of-cities-and-functional-urban-areas/list_of_municipalities_in_FUAs_and_Cities.csv|https://www.wikidata.org/wiki/Q841979,The official OECD municipality list assigns Mansfield to Mansfield FUA.
Meols,1,Orchestral Manoeuvres In The Dark,Q1616766,Meols,Wirral,UK006F,Liverpool,strict,UK006F,official_oecd_municipality_crosswalk,https://www.oecd.org/content/dam/oecd/en/data/datasets/oecd-definition-of-cities-and-functional-urban-areas/list_of_municipalities_in_FUAs_and_Cities.csv|https://www.wikidata.org/wiki/Q1616766,The official OECD municipality list assigns Wirral to Liverpool FUA.
Merthyr Tydfil,1,Pretty Vicious,Q752762,Merthyr Tydfil,,,,excluded_no_defensible_fua,,no_reviewed_assignment,https://www.oecd.org/content/dam/oecd/en/data/datasets/oecd-definition-of-cities-and-functional-urban-areas/list_of_municipalities_in_FUAs_and_Cities.csv|https://www.wikidata.org/wiki/Q752762,No assignment is made because the resolved place is not in the official OECD municipality-to-FUA crosswalk.
Middlesbrough,1,Whitesnake,Q171866,Middlesbrough,Middlesbrough,UK559F,Middlesbrough,strict,UK559F,official_oecd_municipality_crosswalk,https://www.oecd.org/content/dam/oecd/en/data/datasets/oecd-definition-of-cities-and-functional-urban-areas/list_of_municipalities_in_FUAs_and_Cities.csv|https://www.wikidata.org/wiki/Q171866,The official OECD municipality list assigns Middlesbrough to Middlesbrough FUA.
Middleton,1,Courteeners,Q2560244,Middleton,Rochdale,UK008F,Manchester,strict,UK008F,official_oecd_municipality_crosswalk,https://www.oecd.org/content/dam/oecd/en/data/datasets/oecd-definition-of-cities-and-functional-urban-areas/list_of_municipalities_in_FUAs_and_Cities.csv|https://www.wikidata.org/wiki/Q2560244,The official OECD municipality list assigns Rochdale to Manchester FUA.
Milton Keynes,2,TesseracT,Q204234,Milton Keynes,Milton Keynes,UK525F,Milton Keynes,strict,UK525F,official_oecd_municipality_crosswalk,https://www.oecd.org/content/dam/oecd/en/data/datasets/oecd-definition-of-cities-and-functional-urban-areas/list_of_municipalities_in_FUAs_and_Cities.csv|https://www.wikidata.org/wiki/Q204234,The official OECD municipality list assigns Milton Keynes to Milton Keynes FUA.
Mold,1,The Joy Formidable,Q1191195,Mold,Flintshire,UK568F,Cheshire West and Chester,strict,UK568F,official_oecd_municipality_crosswalk,https://www.oecd.org/content/dam/oecd/en/data/datasets/oecd-definition-of-cities-and-functional-urban-areas/list_of_municipalities_in_FUAs_and_Cities.csv|https://www.wikidata.org/wiki/Q1191195,The official OECD municipality list assigns Flintshire to Cheshire West and Chester FUA.
Moreton,1,Humble Pie,Q1017049,Moreton,Epping Forest,UK001F,London,strict,UK001F,official_oecd_municipality_crosswalk,https://www.oecd.org/content/dam/oecd/en/data/datasets/oecd-definition-of-cities-and-functional-urban-areas/list_of_municipalities_in_FUAs_and_Cities.csv|https://www.wikidata.org/wiki/Q1017049,The official OECD municipality list assigns Epping Forest to London FUA.
Motherwell,1,The Delgados,Q737547,Motherwell,North Lanarkshire,UK004F,Glasgow,strict,UK004F,official_oecd_municipality_crosswalk,https://www.oecd.org/content/dam/oecd/en/data/datasets/oecd-definition-of-cities-and-functional-urban-areas/list_of_municipalities_in_FUAs_and_Cities.csv|https://www.wikidata.org/wiki/Q737547,The official OECD municipality list assigns North Lanarkshire to Glasgow FUA.
New York City,1,Spacehog,Q60,New York City,,,,excluded_non_uk,,outside_uk_fua_universe,https://www.oecd.org/content/dam/oecd/en/data/datasets/oecd-definition-of-cities-and-functional-urban-areas/list_of_municipalities_in_FUAs_and_Cities.csv|https://www.wikidata.org/wiki/Q60,New York City is outside the UK FUA universe.
Newcastle upon Tyne,8,The Animals,Q1425428,Newcastle upon Tyne,Newcastle upon Tyne|Northumberland,UK013F,Newcastle upon Tyne,strict,UK013F,official_oecd_municipality_crosswalk,https://www.oecd.org/content/dam/oecd/en/data/datasets/oecd-definition-of-cities-and-functional-urban-areas/list_of_municipalities_in_FUAs_and_Cities.csv|https://www.wikidata.org/wiki/Q1425428,"The official OECD municipality list assigns Newcastle upon Tyne, Northumberland to Newcastle upon Tyne FUA."
Newport,3,Skindred,Q101254,Newport,Newport,UK558F,Newport,strict,UK558F,official_oecd_municipality_crosswalk,https://www.oecd.org/content/dam/oecd/en/data/datasets/oecd-definition-of-cities-and-functional-urban-areas/list_of_municipalities_in_FUAs_and_Cities.csv|https://www.wikidata.org/wiki/Q101254,The official OECD municipality list assigns Newport to Newport FUA.
Newry,1,Gama Bomb,Q269980,Newry,,,,excluded_no_defensible_fua,,no_reviewed_assignment,https://www.oecd.org/content/dam/oecd/en/data/datasets/oecd-definition-of-cities-and-functional-urban-areas/list_of_municipalities_in_FUAs_and_Cities.csv|https://www.wikidata.org/wiki/Q269980,No assignment is made because the resolved place is not in the official OECD municipality-to-FUA crosswalk.
Norfolk,1,Magoo,Q23109,Norfolk,,,,excluded_no_defensible_fua,,no_reviewed_assignment,https://www.oecd.org/content/dam/oecd/en/data/datasets/oecd-definition-of-cities-and-functional-urban-areas/list_of_municipalities_in_FUAs_and_Cities.csv|https://www.wikidata.org/wiki/Q23109,No assignment is made because the resolved place is not in the official OECD municipality-to-FUA crosswalk.
North London,1,Gorgon City,Q734547,North London,City of London,UK001F,London,strict,UK001F,official_oecd_municipality_crosswalk,https://www.oecd.org/content/dam/oecd/en/data/datasets/oecd-definition-of-cities-and-functional-urban-areas/list_of_municipalities_in_FUAs_and_Cities.csv|https://www.wikidata.org/wiki/Q734547,The official OECD municipality list assigns City of London to London FUA.
Northampton,3,Bauhaus,Q192240,Northampton,West Northamptonshire,UK528F,Northampton,strict,UK528F,official_oecd_municipality_crosswalk,https://www.oecd.org/content/dam/oecd/en/data/datasets/oecd-definition-of-cities-and-functional-urban-areas/list_of_municipalities_in_FUAs_and_Cities.csv|https://www.wikidata.org/wiki/Q192240,The official OECD municipality list assigns West Northamptonshire to Northampton FUA.
Northern Ireland,1,The Divine Comedy,Q26,Northern Ireland,,,,excluded_no_defensible_fua,,no_reviewed_assignment,https://www.oecd.org/content/dam/oecd/en/data/datasets/oecd-definition-of-cities-and-functional-urban-areas/list_of_municipalities_in_FUAs_and_Cities.csv|https://www.wikidata.org/wiki/Q26,No assignment is made because the resolved place is not in the official OECD municipality-to-FUA crosswalk.
Norwich,1,Let's Eat Grandma,Q130191,Norwich,Norwich,UK566F,Norwich,strict,UK566F,official_oecd_municipality_crosswalk,https://www.oecd.org/content/dam/oecd/en/data/datasets/oecd-definition-of-cities-and-functional-urban-areas/list_of_municipalities_in_FUAs_and_Cities.csv|https://www.wikidata.org/wiki/Q130191,The official OECD municipality list assigns Norwich to Norwich FUA.
Notting Hill,1,Killing Joke,Q215354,Notting Hill,City of London|Kensington and Chelsea,UK001F,London,strict,UK001F,official_oecd_municipality_crosswalk,https://www.oecd.org/content/dam/oecd/en/data/datasets/oecd-definition-of-cities-and-functional-urban-areas/list_of_municipalities_in_FUAs_and_Cities.csv|https://www.wikidata.org/wiki/Q215354,"The official OECD municipality list assigns City of London, Kensington and Chelsea to London FUA."
Nottingham,5,London Grammar,Q41262,Nottingham,Nottingham,UK029F,Nottingham,strict,UK029F,official_oecd_municipality_crosswalk,https://www.oecd.org/content/dam/oecd/en/data/datasets/oecd-definition-of-cities-and-functional-urban-areas/list_of_municipalities_in_FUAs_and_Cities.csv|https://www.wikidata.org/wiki/Q41262,The official OECD municipality list assigns Nottingham to Nottingham FUA.
Oldham,4,N-Trance,Q202628,Oldham,Oldham,UK008F,Manchester,strict,UK008F,official_oecd_municipality_crosswalk,https://www.oecd.org/content/dam/oecd/en/data/datasets/oecd-definition-of-cities-and-functional-urban-areas/list_of_municipalities_in_FUAs_and_Cities.csv|https://www.wikidata.org/wiki/Q202628,The official OECD municipality list assigns Oldham to Manchester FUA.
Otley,1,The Chevin,Q658902,Otley,Leeds,UK003F,Leeds,strict,UK003F,official_oecd_municipality_crosswalk,https://www.oecd.org/content/dam/oecd/en/data/datasets/oecd-definition-of-cities-and-functional-urban-areas/list_of_municipalities_in_FUAs_and_Cities.csv|https://www.wikidata.org/wiki/Q658902,The official OECD municipality list assigns Leeds to Leeds FUA.
Oxford,6,Radiohead,Q321381|Q34217,Abingdon-on-Thames|Oxford,Oxford,UK560F,Oxford,strict,UK560F,official_oecd_municipality_crosswalk,https://www.oecd.org/content/dam/oecd/en/data/datasets/oecd-definition-of-cities-and-functional-urban-areas/list_of_municipalities_in_FUAs_and_Cities.csv|https://www.wikidata.org/wiki/Q34217,The official OECD municipality list assigns Oxford to Oxford FUA.
Paisley,2,Stealers Wheel,Q211870,Paisley,East Renfrewshire|Glasgow City|Renfrewshire,UK004F,Glasgow,strict,UK004F,official_oecd_municipality_crosswalk,https://www.oecd.org/content/dam/oecd/en/data/datasets/oecd-definition-of-cities-and-functional-urban-areas/list_of_municipalities_in_FUAs_and_Cities.csv|https://www.wikidata.org/wiki/Q211870,"The official OECD municipality list assigns East Renfrewshire, Glasgow City, Renfrewshire to Glasgow FUA."
Peacehaven,1,Peter and the Test Tube Babies,Q1935259,Peacehaven,Lewes,UK515F,Brighton and Hove,strict,UK515F,official_oecd_municipality_crosswalk,https://www.oecd.org/content/dam/oecd/en/data/datasets/oecd-definition-of-cities-and-functional-urban-areas/list_of_municipalities_in_FUAs_and_Cities.csv|https://www.wikidata.org/wiki/Q1935259,The official OECD municipality list assigns Lewes to Brighton and Hove FUA.
Peckham,1,Fat White Family,Q2690524,Peckham,City of London|Southwark,UK001F,London,strict,UK001F,official_oecd_municipality_crosswalk,https://www.oecd.org/content/dam/oecd/en/data/datasets/oecd-definition-of-cities-and-functional-urban-areas/list_of_municipalities_in_FUAs_and_Cities.csv|https://www.wikidata.org/wiki/Q2690524,"The official OECD municipality list assigns City of London, Southwark to London FUA."
Perth,2,Alestorm,Q203000,Perth,,,,excluded_no_defensible_fua,,no_reviewed_assignment,https://www.oecd.org/content/dam/oecd/en/data/datasets/oecd-definition-of-cities-and-functional-urban-areas/list_of_municipalities_in_FUAs_and_Cities.csv|https://www.wikidata.org/wiki/Q203000,No assignment is made because the resolved place is not in the official OECD municipality-to-FUA crosswalk.
Peterborough,1,The Wytches,Q172438,Peterborough,Peterborough,UK545F,Peterborough,strict,UK545F,official_oecd_municipality_crosswalk,https://www.oecd.org/content/dam/oecd/en/data/datasets/oecd-definition-of-cities-and-functional-urban-areas/list_of_municipalities_in_FUAs_and_Cities.csv|https://www.wikidata.org/wiki/Q172438,The official OECD municipality list assigns Peterborough to Peterborough FUA.
Plumstead,1,Shampoo,Q946533,Plumstead,City of London|Greenwich,UK001F,London,strict,UK001F,official_oecd_municipality_crosswalk,https://www.oecd.org/content/dam/oecd/en/data/datasets/oecd-definition-of-cities-and-functional-urban-areas/list_of_municipalities_in_FUAs_and_Cities.csv|https://www.wikidata.org/wiki/Q946533,"The official OECD municipality list assigns City of London, Greenwich to London FUA."
Pontypridd,1,lostprophets,Q1024900,Pontypridd,Rhondda Cynon Taf,UK009F,Cardiff,strict,UK009F,official_oecd_municipality_crosswalk,https://www.oecd.org/content/dam/oecd/en/data/datasets/oecd-definition-of-cities-and-functional-urban-areas/list_of_municipalities_in_FUAs_and_Cities.csv|https://www.wikidata.org/wiki/Q1024900,The official OECD municipality list assigns Rhondda Cynon Taf to Cardiff FUA.
Preston,1,Xentrix,Q184090,Preston,Preston,UK562F,Preston,strict,UK562F,official_oecd_municipality_crosswalk,https://www.oecd.org/content/dam/oecd/en/data/datasets/oecd-definition-of-cities-and-functional-urban-areas/list_of_municipalities_in_FUAs_and_Cities.csv|https://www.wikidata.org/wiki/Q184090,The official OECD municipality list assigns Preston to Preston FUA.
Prestwich,1,The Fall,Q1003559,Prestwich,Bury,UK008F,Manchester,strict,UK008F,official_oecd_municipality_crosswalk,https://www.oecd.org/content/dam/oecd/en/data/datasets/oecd-definition-of-cities-and-functional-urban-areas/list_of_municipalities_in_FUAs_and_Cities.csv|https://www.wikidata.org/wiki/Q1003559,The official OECD municipality list assigns Bury to Manchester FUA.
Ramsbottom,1,Elbow,Q2736093,Ramsbottom,Bury,UK008F,Manchester,strict,UK008F,official_oecd_municipality_crosswalk,https://www.oecd.org/content/dam/oecd/en/data/datasets/oecd-definition-of-cities-and-functional-urban-areas/list_of_municipalities_in_FUAs_and_Cities.csv|https://www.wikidata.org/wiki/Q2736093,The official OECD municipality list assigns Bury to Manchester FUA.
Reading,4,Slowdive,Q161491,Reading,Reading|Wokingham,UK552F,Reading,strict,UK552F,official_oecd_municipality_crosswalk,https://www.oecd.org/content/dam/oecd/en/data/datasets/oecd-definition-of-cities-and-functional-urban-areas/list_of_municipalities_in_FUAs_and_Cities.csv|https://www.wikidata.org/wiki/Q161491,"The official OECD municipality list assigns Reading, Wokingham to Reading FUA."
Redcliffe,1,Bee Gees,Q1995031,Los Hornos,,,,excluded_non_uk,,outside_uk_fua_universe,https://www.oecd.org/content/dam/oecd/en/data/datasets/oecd-definition-of-cities-and-functional-urban-areas/list_of_municipalities_in_FUAs_and_Cities.csv|https://www.wikidata.org/wiki/Q1995031,Redcliffe is outside the UK FUA universe.
Reigate,1,Disclosure,Q1018418,Reigate,Reigate and Banstead,UK001F,London,strict,UK001F,official_oecd_municipality_crosswalk,https://www.oecd.org/content/dam/oecd/en/data/datasets/oecd-definition-of-cities-and-functional-urban-areas/list_of_municipalities_in_FUAs_and_Cities.csv|https://www.wikidata.org/wiki/Q1018418,The official OECD municipality list assigns Reigate and Banstead to London FUA.
Ripley,1,Blind Faith,Q2337139,Ripley,Guildford,UK033F,Guildford,strict,UK033F,official_oecd_municipality_crosswalk,https://www.oecd.org/content/dam/oecd/en/data/datasets/oecd-definition-of-cities-and-functional-urban-areas/list_of_municipalities_in_FUAs_and_Cities.csv|https://www.wikidata.org/wiki/Q2337139,The official OECD municipality list assigns Guildford to Guildford FUA.
Romford,2,Underworld,Q1339305,Romford,City of London|Havering,UK001F,London,strict,UK001F,official_oecd_municipality_crosswalk,https://www.oecd.org/content/dam/oecd/en/data/datasets/oecd-definition-of-cities-and-functional-urban-areas/list_of_municipalities_in_FUAs_and_Cities.csv|https://www.wikidata.org/wiki/Q1339305,"The official OECD municipality list assigns City of London, Havering to London FUA."
Rotherham,1,Jive Bunny and the Mastermixers,Q217039,Rotherham,Rotherham,UK010F,Sheffield,strict,UK010F,official_oecd_municipality_crosswalk,https://www.oecd.org/content/dam/oecd/en/data/datasets/oecd-definition-of-cities-and-functional-urban-areas/list_of_municipalities_in_FUAs_and_Cities.csv|https://www.wikidata.org/wiki/Q217039,The official OECD municipality list assigns Rotherham to Sheffield FUA.
Rothwell,1,The Pigeon Detectives,Q2162284,Rothwell,Leeds,UK003F,Leeds,strict,UK003F,official_oecd_municipality_crosswalk,https://www.oecd.org/content/dam/oecd/en/data/datasets/oecd-definition-of-cities-and-functional-urban-areas/list_of_municipalities_in_FUAs_and_Cities.csv|https://www.wikidata.org/wiki/Q2162284,The official OECD municipality list assigns Leeds to Leeds FUA.
Royal Tunbridge Wells,1,SOFT PLAY,Q665489,Royal Tunbridge Wells,Tunbridge Wells,UK001F,London,strict,UK001F,official_oecd_municipality_crosswalk,https://www.oecd.org/content/dam/oecd/en/data/datasets/oecd-definition-of-cities-and-functional-urban-areas/list_of_municipalities_in_FUAs_and_Cities.csv|https://www.wikidata.org/wiki/Q665489,The official OECD municipality list assigns Tunbridge Wells to London FUA.
Rugby,1,Spiritualized,Q623765,Rugby,Rugby,UK025F,Coventry,strict,UK025F,official_oecd_municipality_crosswalk,https://www.oecd.org/content/dam/oecd/en/data/datasets/oecd-definition-of-cities-and-functional-urban-areas/list_of_municipalities_in_FUAs_and_Cities.csv|https://www.wikidata.org/wiki/Q623765,The official OECD municipality list assigns Rugby to Coventry FUA.
Ryde,1,Grade 2,Q776556,Ryde,,,,excluded_no_defensible_fua,,no_reviewed_assignment,https://www.oecd.org/content/dam/oecd/en/data/datasets/oecd-definition-of-cities-and-functional-urban-areas/list_of_municipalities_in_FUAs_and_Cities.csv|https://www.wikidata.org/wiki/Q776556,No assignment is made because the resolved place is not in the official OECD municipality-to-FUA crosswalk.
Salisbury,1,Tokyo Blade,Q160642,Salisbury,,,,excluded_no_defensible_fua,,no_reviewed_assignment,https://www.oecd.org/content/dam/oecd/en/data/datasets/oecd-definition-of-cities-and-functional-urban-areas/list_of_municipalities_in_FUAs_and_Cities.csv|https://www.wikidata.org/wiki/Q160642,No assignment is made because the resolved place is not in the official OECD municipality-to-FUA crosswalk.
Scotland,5,Runrig,Q22,Scotland,,,,excluded_no_defensible_fua,,no_reviewed_assignment,https://www.oecd.org/content/dam/oecd/en/data/datasets/oecd-definition-of-cities-and-functional-urban-areas/list_of_municipalities_in_FUAs_and_Cities.csv|https://www.wikidata.org/wiki/Q22,No assignment is made because the resolved place is not in the official OECD municipality-to-FUA crosswalk.
Scunthorpe,1,Skarlett Riot,Q913386,Scunthorpe,,,,excluded_no_defensible_fua,,no_reviewed_assignment,https://www.oecd.org/content/dam/oecd/en/data/datasets/oecd-definition-of-cities-and-functional-urban-areas/list_of_municipalities_in_FUAs_and_Cities.csv|https://www.wikidata.org/wiki/Q913386,No assignment is made because the resolved place is not in the official OECD municipality-to-FUA crosswalk.
Selkirk,1,Frightened Rabbit,Q772507,Selkirk,,,,excluded_no_defensible_fua,,no_reviewed_assignment,https://www.oecd.org/content/dam/oecd/en/data/datasets/oecd-definition-of-cities-and-functional-urban-areas/list_of_municipalities_in_FUAs_and_Cities.csv|https://www.wikidata.org/wiki/Q772507,No assignment is made because the resolved place is not in the official OECD municipality-to-FUA crosswalk.
Sevenoaks,1,Orbital,Q939838,Sevenoaks,Sevenoaks,UK001F,London,strict,UK001F,official_oecd_municipality_crosswalk,https://www.oecd.org/content/dam/oecd/en/data/datasets/oecd-definition-of-cities-and-functional-urban-areas/list_of_municipalities_in_FUAs_and_Cities.csv|https://www.wikidata.org/wiki/Q939838,The official OECD municipality list assigns Sevenoaks to London FUA.
Sheffield,19,Arctic Monkeys,Q42448,Sheffield,Sheffield,UK010F,Sheffield,strict,UK010F,official_oecd_municipality_crosswalk,https://www.oecd.org/content/dam/oecd/en/data/datasets/oecd-definition-of-cities-and-functional-urban-areas/list_of_municipalities_in_FUAs_and_Cities.csv|https://www.wikidata.org/wiki/Q42448,The official OECD municipality list assigns Sheffield to Sheffield FUA.
Shotts,1,Octopus,Q1009915,Shotts,North Lanarkshire|West Lothian,UK004F|UK007F,Edinburgh|Glasgow,excluded_no_defensible_fua,,ambiguous_official_crosswalk,https://www.oecd.org/content/dam/oecd/en/data/datasets/oecd-definition-of-cities-and-functional-urban-areas/list_of_municipalities_in_FUAs_and_Cities.csv|https://www.wikidata.org/wiki/Q1009915,"The available place hierarchy reaches multiple official FUAs: UK004F, UK007F."
Shropshire,1,T'Pau,Q23103,Shropshire,,,,excluded_no_defensible_fua,,no_reviewed_assignment,https://www.oecd.org/content/dam/oecd/en/data/datasets/oecd-definition-of-cities-and-functional-urban-areas/list_of_municipalities_in_FUAs_and_Cities.csv|https://www.wikidata.org/wiki/Q23103,No assignment is made because the resolved place is not in the official OECD municipality-to-FUA crosswalk.
Somerset,2,The Wurzels,Q23157,Somerset,,,,excluded_no_defensible_fua,,no_reviewed_assignment,https://www.oecd.org/content/dam/oecd/en/data/datasets/oecd-definition-of-cities-and-functional-urban-areas/list_of_municipalities_in_FUAs_and_Cities.csv|https://www.wikidata.org/wiki/Q23157,No assignment is made because the resolved place is not in the official OECD municipality-to-FUA crosswalk.
South London,1,Dry Cleaning,Q1394500,South London,City of London,UK001F,London,strict,UK001F,official_oecd_municipality_crosswalk,https://www.oecd.org/content/dam/oecd/en/data/datasets/oecd-definition-of-cities-and-functional-urban-areas/list_of_municipalities_in_FUAs_and_Cities.csv|https://www.wikidata.org/wiki/Q1394500,The official OECD municipality list assigns City of London to London FUA.
South Shields,1,Angelic Upstarts,Q279000,South Shields,South Tyneside,UK013F,Newcastle upon Tyne,strict,UK013F,official_oecd_municipality_crosswalk,https://www.oecd.org/content/dam/oecd/en/data/datasets/oecd-definition-of-cities-and-functional-urban-areas/list_of_municipalities_in_FUAs_and_Cities.csv|https://www.wikidata.org/wiki/Q279000,The official OECD municipality list assigns South Tyneside to Newcastle upon Tyne FUA.
Southampton,3,Bury Tomorrow,Q79848,Southampton,Southampton,UK520F,Southampton,strict,UK520F,official_oecd_municipality_crosswalk,https://www.oecd.org/content/dam/oecd/en/data/datasets/oecd-definition-of-cities-and-functional-urban-areas/list_of_municipalities_in_FUAs_and_Cities.csv|https://www.wikidata.org/wiki/Q79848,The official OECD municipality list assigns Southampton to Southampton FUA.
Southend-on-Sea,4,Nothing But Thieves,Q203995,Southend-on-Sea,Southend-on-Sea,UK001F,London,strict,UK001F,official_oecd_municipality_crosswalk,https://www.oecd.org/content/dam/oecd/en/data/datasets/oecd-definition-of-cities-and-functional-urban-areas/list_of_municipalities_in_FUAs_and_Cities.csv|https://www.wikidata.org/wiki/Q203995,The official OECD municipality list assigns Southend-on-Sea to London FUA.
Southport,1,Gomez,Q868647,Southport,Sefton,UK006F,Liverpool,strict,UK006F,official_oecd_municipality_crosswalk,https://www.oecd.org/content/dam/oecd/en/data/datasets/oecd-definition-of-cities-and-functional-urban-areas/list_of_municipalities_in_FUAs_and_Cities.csv|https://www.wikidata.org/wiki/Q868647,The official OECD municipality list assigns Sefton to Liverpool FUA.
St Albans,3,The Zombies,Q6226,St Albans,St Albans,UK001F,London,strict,UK001F,official_oecd_municipality_crosswalk,https://www.oecd.org/content/dam/oecd/en/data/datasets/oecd-definition-of-cities-and-functional-urban-areas/list_of_municipalities_in_FUAs_and_Cities.csv|https://www.wikidata.org/wiki/Q6226,The official OECD municipality list assigns St Albans to London FUA.
Stafford,1,Climax Blues Band,Q826782,Stafford,,,,excluded_no_defensible_fua,,no_reviewed_assignment,https://www.oecd.org/content/dam/oecd/en/data/datasets/oecd-definition-of-cities-and-functional-urban-areas/list_of_municipalities_in_FUAs_and_Cities.csv|https://www.wikidata.org/wiki/Q826782,No assignment is made because the resolved place is not in the official OECD municipality-to-FUA crosswalk.
Staines-upon-Thames,1,Hard-Fi,Q285323,Staines-upon-Thames,City of London|Spelthorne,UK001F,London,strict,UK001F,official_oecd_municipality_crosswalk,https://www.oecd.org/content/dam/oecd/en/data/datasets/oecd-definition-of-cities-and-functional-urban-areas/list_of_municipalities_in_FUAs_and_Cities.csv|https://www.wikidata.org/wiki/Q285323,"The official OECD municipality list assigns City of London, Spelthorne to London FUA."
Stevenage,1,Fields Of The Nephilim,Q19795,Stevenage,Stevenage,UK021F,Stevenage,strict,UK021F,official_oecd_municipality_crosswalk,https://www.oecd.org/content/dam/oecd/en/data/datasets/oecd-definition-of-cities-and-functional-urban-areas/list_of_municipalities_in_FUAs_and_Cities.csv|https://www.wikidata.org/wiki/Q19795,The official OECD municipality list assigns Stevenage to Stevenage FUA.
Stoke-on-Trent,1,Discharge,Q134902,Stoke-on-Trent,Stoke-on-Trent,UK027F,Stoke-on-Trent,strict,UK027F,official_oecd_municipality_crosswalk,https://www.oecd.org/content/dam/oecd/en/data/datasets/oecd-definition-of-cities-and-functional-urban-areas/list_of_municipalities_in_FUAs_and_Cities.csv|https://www.wikidata.org/wiki/Q134902,The official OECD municipality list assigns Stoke-on-Trent to Stoke-on-Trent FUA.
Stourbridge,4,Diamond Head,Q661707,Stourbridge,Dudley,UK002F,West Midlands urban area,strict,UK002F,official_oecd_municipality_crosswalk,https://www.oecd.org/content/dam/oecd/en/data/datasets/oecd-definition-of-cities-and-functional-urban-areas/list_of_municipalities_in_FUAs_and_Cities.csv|https://www.wikidata.org/wiki/Q661707,The official OECD municipality list assigns Dudley to West Midlands urban area FUA.
Suffolk,2,Cradle Of Filth,Q23111,Suffolk,,,,excluded_no_defensible_fua,,no_reviewed_assignment,https://www.oecd.org/content/dam/oecd/en/data/datasets/oecd-definition-of-cities-and-functional-urban-areas/list_of_municipalities_in_FUAs_and_Cities.csv|https://www.wikidata.org/wiki/Q23111,No assignment is made because the resolved place is not in the official OECD municipality-to-FUA crosswalk.
Sunderland,2,Eurythmics,Q188304,Sunderland,Sunderland,UK510F,Sunderland,strict,UK510F,official_oecd_municipality_crosswalk,https://www.oecd.org/content/dam/oecd/en/data/datasets/oecd-definition-of-cities-and-functional-urban-areas/list_of_municipalities_in_FUAs_and_Cities.csv|https://www.wikidata.org/wiki/Q188304,The official OECD municipality list assigns Sunderland to Sunderland FUA.
Swansea,1,Badfinger,Q23051,Swansea,Swansea,UK517F,Swansea,strict,UK517F,official_oecd_municipality_crosswalk,https://www.oecd.org/content/dam/oecd/en/data/datasets/oecd-definition-of-cities-and-functional-urban-areas/list_of_municipalities_in_FUAs_and_Cities.csv|https://www.wikidata.org/wiki/Q23051,The official OECD municipality list assigns Swansea to Swansea FUA.
Swindon,1,XTC,Q200942,Swindon,Swindon,UK535F,Swindon,strict,UK535F,official_oecd_municipality_crosswalk,https://www.oecd.org/content/dam/oecd/en/data/datasets/oecd-definition-of-cities-and-functional-urban-areas/list_of_municipalities_in_FUAs_and_Cities.csv|https://www.wikidata.org/wiki/Q200942,The official OECD municipality list assigns Swindon to Swindon FUA.
Tavistock,1,The Rumble Strips,Q668262,Tavistock,West Devon,UK516F,Plymouth,strict,UK516F,official_oecd_municipality_crosswalk,https://www.oecd.org/content/dam/oecd/en/data/datasets/oecd-definition-of-cities-and-functional-urban-areas/list_of_municipalities_in_FUAs_and_Cities.csv|https://www.wikidata.org/wiki/Q668262,The official OECD municipality list assigns West Devon to Plymouth FUA.
Teignmouth,1,Muse,Q531311,Teignmouth,Teignbridge,UK018F,Exeter,strict,UK018F,official_oecd_municipality_crosswalk,https://www.oecd.org/content/dam/oecd/en/data/datasets/oecd-definition-of-cities-and-functional-urban-areas/list_of_municipalities_in_FUAs_and_Cities.csv|https://www.wikidata.org/wiki/Q531311,The official OECD municipality list assigns Teignbridge to Exeter FUA.
Tewkesbury,1,[spunge],Q1000717,Tewkesbury,Tewkesbury,UK571F,Cheltenham,strict,UK571F,official_oecd_municipality_crosswalk,https://www.oecd.org/content/dam/oecd/en/data/datasets/oecd-definition-of-cities-and-functional-urban-areas/list_of_municipalities_in_FUAs_and_Cities.csv|https://www.wikidata.org/wiki/Q1000717,The official OECD municipality list assigns Tewkesbury to Cheltenham FUA.
Torquay,1,Wishbone Ash,Q209055,Torquay,Torbay,UK561F,Torbay,strict,UK561F,official_oecd_municipality_crosswalk,https://www.oecd.org/content/dam/oecd/en/data/datasets/oecd-definition-of-cities-and-functional-urban-areas/list_of_municipalities_in_FUAs_and_Cities.csv|https://www.wikidata.org/wiki/Q209055,The official OECD municipality list assigns Torbay to Torbay FUA.
Totnes,1,Metronomy,Q1007106,Totnes,South Hams,UK516F,Plymouth,strict,UK516F,official_oecd_municipality_crosswalk,https://www.oecd.org/content/dam/oecd/en/data/datasets/oecd-definition-of-cities-and-functional-urban-areas/list_of_municipalities_in_FUAs_and_Cities.csv|https://www.wikidata.org/wiki/Q1007106,The official OECD municipality list assigns South Hams to Plymouth FUA.
Tottenham,1,The Dave Clark Five,Q503375,Tottenham,City of London|Haringey,UK001F,London,strict,UK001F,official_oecd_municipality_crosswalk,https://www.oecd.org/content/dam/oecd/en/data/datasets/oecd-definition-of-cities-and-functional-urban-areas/list_of_municipalities_in_FUAs_and_Cities.csv|https://www.wikidata.org/wiki/Q503375,"The official OECD municipality list assigns City of London, Haringey to London FUA."
Tyne and Wear,1,Little Comets,Q23080,Tyne and Wear,,,,excluded_no_defensible_fua,,no_reviewed_assignment,https://www.oecd.org/content/dam/oecd/en/data/datasets/oecd-definition-of-cities-and-functional-urban-areas/list_of_municipalities_in_FUAs_and_Cities.csv|https://www.wikidata.org/wiki/Q23080,No assignment is made because the resolved place is not in the official OECD municipality-to-FUA crosswalk.
United States,2,Londonbeat,Q145|Q30,United Kingdom|United States,,,,excluded_non_uk,,outside_uk_fua_universe,https://www.oecd.org/content/dam/oecd/en/data/datasets/oecd-definition-of-cities-and-functional-urban-areas/list_of_municipalities_in_FUAs_and_Cities.csv|https://www.wikidata.org/wiki/Q30,United States is outside the UK FUA universe.
University of Leeds,1,Sigma,Q503424,University of Leeds,,,,strict,UK003F,reviewed_legacy_assignment,https://www.oecd.org/content/dam/oecd/en/data/datasets/oecd-definition-of-cities-and-functional-urban-areas/list_of_municipalities_in_FUAs_and_Cities.csv|https://www.wikidata.org/wiki/Q503424,Preserved from the reviewed top-200 mapping because the official municipality crosswalk does not resolve the reported place. Prior note: The reported formation place is an institution in Leeds and is assigned to Leeds FUA.
Ventnor,1,The Bees,Q1026673,Ventnor,,,,excluded_no_defensible_fua,,no_reviewed_assignment,https://www.oecd.org/content/dam/oecd/en/data/datasets/oecd-definition-of-cities-and-functional-urban-areas/list_of_municipalities_in_FUAs_and_Cities.csv|https://www.wikidata.org/wiki/Q1026673,No assignment is made because the resolved place is not in the official OECD municipality-to-FUA crosswalk.
Wakefield,1,The Cribs,Q216638,Wakefield,Wakefield,UK003F,Leeds,strict,UK003F,official_oecd_municipality_crosswalk,https://www.oecd.org/content/dam/oecd/en/data/datasets/oecd-definition-of-cities-and-functional-urban-areas/list_of_municipalities_in_FUAs_and_Cities.csv|https://www.wikidata.org/wiki/Q216638,The official OECD municipality list assigns Wakefield to Leeds FUA.
Wales,1,The Alarm,Q25,Wales,,,,excluded_no_defensible_fua,,no_reviewed_assignment,https://www.oecd.org/content/dam/oecd/en/data/datasets/oecd-definition-of-cities-and-functional-urban-areas/list_of_municipalities_in_FUAs_and_Cities.csv|https://www.wikidata.org/wiki/Q25,No assignment is made because the resolved place is not in the official OECD municipality-to-FUA crosswalk.
Walthamstow,1,East 17,Q2321784,Walthamstow,City of London|Waltham Forest,UK001F,London,strict,UK001F,official_oecd_municipality_crosswalk,https://www.oecd.org/content/dam/oecd/en/data/datasets/oecd-definition-of-cities-and-functional-urban-areas/list_of_municipalities_in_FUAs_and_Cities.csv|https://www.wikidata.org/wiki/Q2321784,"The official OECD municipality list assigns City of London, Waltham Forest to London FUA."
Warrington,1,Viola Beach,Q215733,Warrington,Warrington,UK531F,Warrington,strict,UK531F,official_oecd_municipality_crosswalk,https://www.oecd.org/content/dam/oecd/en/data/datasets/oecd-definition-of-cities-and-functional-urban-areas/list_of_municipalities_in_FUAs_and_Cities.csv|https://www.wikidata.org/wiki/Q215733,The official OECD municipality list assigns Warrington to Warrington FUA.
Warwick,1,Edgar Broughton Band,Q549761,Warwick,Warwick,UK025F,Coventry,strict,UK025F,official_oecd_municipality_crosswalk,https://www.oecd.org/content/dam/oecd/en/data/datasets/oecd-definition-of-cities-and-functional-urban-areas/list_of_municipalities_in_FUAs_and_Cities.csv|https://www.wikidata.org/wiki/Q549761,The official OECD municipality list assigns Warwick to Coventry FUA.
Watford,5,The Staves,Q2598,Watford,Watford,UK001F,London,strict,UK001F,official_oecd_municipality_crosswalk,https://www.oecd.org/content/dam/oecd/en/data/datasets/oecd-definition-of-cities-and-functional-urban-areas/list_of_municipalities_in_FUAs_and_Cities.csv|https://www.wikidata.org/wiki/Q2598,The official OECD municipality list assigns Watford to London FUA.
Welwyn Garden City,1,The Subways,Q19789,Welwyn Garden City,Welwyn Hatfield,UK001F,London,strict,UK001F,official_oecd_municipality_crosswalk,https://www.oecd.org/content/dam/oecd/en/data/datasets/oecd-definition-of-cities-and-functional-urban-areas/list_of_municipalities_in_FUAs_and_Cities.csv|https://www.wikidata.org/wiki/Q19789,The official OECD municipality list assigns Welwyn Hatfield to London FUA.
West Lothian,1,LF SYSTEM,,,West Lothian,UK007F,Edinburgh,strict,UK007F,official_oecd_municipality_crosswalk,https://www.oecd.org/content/dam/oecd/en/data/datasets/oecd-definition-of-cities-and-functional-urban-areas/list_of_municipalities_in_FUAs_and_Cities.csv,The official OECD municipality list assigns West Lothian to Edinburgh FUA.
West Midlands,1,The Charlatans,Q23124,West Midlands,,,,excluded_no_defensible_fua,,no_reviewed_assignment,https://www.oecd.org/content/dam/oecd/en/data/datasets/oecd-definition-of-cities-and-functional-urban-areas/list_of_municipalities_in_FUAs_and_Cities.csv|https://www.wikidata.org/wiki/Q23124,No assignment is made because the resolved place is not in the official OECD municipality-to-FUA crosswalk.
Westminster,1,Bad Company,Q189960,Westminster,City of London|Westminster,UK001F,London,strict,UK001F,official_oecd_municipality_crosswalk,https://www.oecd.org/content/dam/oecd/en/data/datasets/oecd-definition-of-cities-and-functional-urban-areas/list_of_municipalities_in_FUAs_and_Cities.csv|https://www.wikidata.org/wiki/Q189960,"The official OECD municipality list assigns City of London, Westminster to London FUA."
Weston-super-Mare,1,Racey,Q845623,Weston-super-Mare,North Somerset,UK011F,Bristol,strict,UK011F,official_oecd_municipality_crosswalk,https://www.oecd.org/content/dam/oecd/en/data/datasets/oecd-definition-of-cities-and-functional-urban-areas/list_of_municipalities_in_FUAs_and_Cities.csv|https://www.wikidata.org/wiki/Q845623,The official OECD municipality list assigns North Somerset to Bristol FUA.
Weybridge,1,You Me At Six,Q1754096,Weybridge,Elmbridge,UK001F,London,strict,UK001F,official_oecd_municipality_crosswalk,https://www.oecd.org/content/dam/oecd/en/data/datasets/oecd-definition-of-cities-and-functional-urban-areas/list_of_municipalities_in_FUAs_and_Cities.csv|https://www.wikidata.org/wiki/Q1754096,The official OECD municipality list assigns Elmbridge to London FUA.
Wheatley,1,Supergrass,Q1997905,Wheatley,,,,reviewed_extended,UK560F,reviewed_legacy_assignment,https://www.oecd.org/content/dam/oecd/en/data/datasets/oecd-definition-of-cities-and-functional-urban-areas/list_of_municipalities_in_FUAs_and_Cities.csv|https://www.wikidata.org/wiki/Q1997905,Preserved from the reviewed top-200 mapping because the official municipality crosswalk does not resolve the reported place. Prior note: Included only in the extended sensitivity view as a reviewed association with Oxford FUA.
Whitley Bay,1,Tygers Of Pan Tang,Q2575441,Whitley Bay,North Tyneside,UK013F,Newcastle upon Tyne,strict,UK013F,official_oecd_municipality_crosswalk,https://www.oecd.org/content/dam/oecd/en/data/datasets/oecd-definition-of-cities-and-functional-urban-areas/list_of_municipalities_in_FUAs_and_Cities.csv|https://www.wikidata.org/wiki/Q2575441,The official OECD municipality list assigns North Tyneside to Newcastle upon Tyne FUA.
Wimbledon,1,The Buggles,Q736742,Wimbledon,City of London|Merton,UK001F,London,strict,UK001F,official_oecd_municipality_crosswalk,https://www.oecd.org/content/dam/oecd/en/data/datasets/oecd-definition-of-cities-and-functional-urban-areas/list_of_municipalities_in_FUAs_and_Cities.csv|https://www.wikidata.org/wiki/Q736742,"The official OECD municipality list assigns City of London, Merton to London FUA."
Winchester,1,This Is The Kit,Q172157,Winchester,,,,excluded_no_defensible_fua,,no_reviewed_assignment,https://www.oecd.org/content/dam/oecd/en/data/datasets/oecd-definition-of-cities-and-functional-urban-areas/list_of_municipalities_in_FUAs_and_Cities.csv|https://www.wikidata.org/wiki/Q172157,No assignment is made because the resolved place is not in the official OECD municipality-to-FUA crosswalk.
Windsor,1,Republica,Q464955,Windsor,,,,excluded_no_defensible_fua,,no_reviewed_assignment,https://www.oecd.org/content/dam/oecd/en/data/datasets/oecd-definition-of-cities-and-functional-urban-areas/list_of_municipalities_in_FUAs_and_Cities.csv|https://www.wikidata.org/wiki/Q464955,No assignment is made because the resolved place is not in the official OECD municipality-to-FUA crosswalk.
Witton Gilbert,1,Prefab Sprout,Q778444,Witton Gilbert,,,,excluded_no_defensible_fua,,no_reviewed_assignment,https://www.oecd.org/content/dam/oecd/en/data/datasets/oecd-definition-of-cities-and-functional-urban-areas/list_of_municipalities_in_FUAs_and_Cities.csv|https://www.wikidata.org/wiki/Q778444,No assignment is made because the resolved place is not in the official OECD municipality-to-FUA crosswalk.
Woking,1,The Jam,Q646225,Woking,Woking,UK001F,London,strict,UK001F,official_oecd_municipality_crosswalk,https://www.oecd.org/content/dam/oecd/en/data/datasets/oecd-definition-of-cities-and-functional-urban-areas/list_of_municipalities_in_FUAs_and_Cities.csv|https://www.wikidata.org/wiki/Q646225,The official OECD municipality list assigns Woking to London FUA.
Wolverhampton,2,Slade,Q126269,Wolverhampton,Wolverhampton,UK002F,West Midlands urban area,strict,UK002F,official_oecd_municipality_crosswalk,https://www.oecd.org/content/dam/oecd/en/data/datasets/oecd-definition-of-cities-and-functional-urban-areas/list_of_municipalities_in_FUAs_and_Cities.csv|https://www.wikidata.org/wiki/Q126269,The official OECD municipality list assigns Wolverhampton to West Midlands urban area FUA.
Worcestershire,1,The Honeydrippers,Q23135,Worcestershire,,,,excluded_no_defensible_fua,,no_reviewed_assignment,https://www.oecd.org/content/dam/oecd/en/data/datasets/oecd-definition-of-cities-and-functional-urban-areas/list_of_municipalities_in_FUAs_and_Cities.csv|https://www.wikidata.org/wiki/Q23135,No assignment is made because the resolved place is not in the official OECD municipality-to-FUA crosswalk.
Worthing,1,The Ordinary Boys,Q671348,Worthing,Worthing,UK045F,Worthing,strict,UK045F,official_oecd_municipality_crosswalk,https://www.oecd.org/content/dam/oecd/en/data/datasets/oecd-definition-of-cities-and-functional-urban-areas/list_of_municipalities_in_FUAs_and_Cities.csv|https://www.wikidata.org/wiki/Q671348,The official OECD municipality list assigns Worthing to Worthing FUA.
Wrexham,1,Neck Deep,Q496368,Wrexham,Wrexham,UK022F,Wrexham,strict,UK022F,official_oecd_municipality_crosswalk,https://www.oecd.org/content/dam/oecd/en/data/datasets/oecd-definition-of-cities-and-functional-urban-areas/list_of_municipalities_in_FUAs_and_Cities.csv|https://www.wikidata.org/wiki/Q496368,The official OECD municipality list assigns Wrexham to Wrexham FUA.
Yeovil,1,The Pineapple Thief,Q550110,Yeovil,,,,excluded_no_defensible_fua,,no_reviewed_assignment,https://www.oecd.org/content/dam/oecd/en/data/datasets/oecd-definition-of-cities-and-functional-urban-areas/list_of_municipalities_in_FUAs_and_Cities.csv|https://www.wikidata.org/wiki/Q550110,No assignment is made because the resolved place is not in the official OECD municipality-to-FUA crosswalk.
York,3,Asking Alexandria,Q42462,York,York,UK533F,York,strict,UK533F,official_oecd_municipality_crosswalk,https://www.oecd.org/content/dam/oecd/en/data/datasets/oecd-definition-of-cities-and-functional-urban-areas/list_of_municipalities_in_FUAs_and_Cities.csv|https://www.wikidata.org/wiki/Q42462,The official OECD municipality list assigns York to York FUA.
