action,existing_band_name,replacement_band_name,claimed_formation_place,spotify_id,origin_review_status,origin_alignment,evidence_url,selection_source,notes
update,Little Comets,,Jarrow,7cfhZmKaLWzNLwHDxzugUH,reviewed,exact,https://www.itv.com/news/tyne-tees/2015-02-20/north-east-indie-group-little-comets-break-top-20,manual origin review,"ITV documents members from Jarrow and Washington; the frozen OECD crosswalk assigns South Tyneside, including Jarrow, to Newcastle FUA."
update,Prolapse,,Leicester,2fXWTI5Hz7wg05oRqDLBwg,reviewed,exact,https://prolapse2.bandcamp.com/,manual identity and origin review,Official Bandcamp identifies Leicester formation.
update,Showaddywaddy,,Leicester,3zIIUxcnIoUMouVQdphkeC,reviewed,exact,https://www.showaddywaddy.net/biogs/history.html,manual origin review,The band's official history identifies Leicester formation.
update,hard life,,Leicester,7uwY65fDg3FVJ8MkJ5QuZK,reviewed,exact,https://www.allmusic.com/artist/hard-life-mn0004837245,manual identity and origin review,AllMusic identifies Leicester formation; the same act previously released as Easy Life.
update,The Fire Engines,,Edinburgh,3Glx297fyff7hKkl7nBrwu,reviewed,manual_review,https://www.allmusic.com/artist/fire-engines-mn0000339713,manual identity and origin review,Spotify omits the leading article from the artist name.
replace,The Waterboys,Josef K,Edinburgh,1wAvVTxYw932BnBO5JhrXJ,reviewed,manual_review,https://www.ltmrecordings.com/josef_k.html,manual replacement,The Waterboys formed in London; replaced with an Edinburgh-formed band.
update,Bicep,,Belfast,73A3bLnfnz5BoQjb4gNCga,reviewed,manual_review,https://bicepmusic.com/about,manual identity and origin review,Belfast-born duo treated as a Belfast-origin act.
update,New Pagans,,Belfast,6T3ilEGTNIHzq1x92GDkaK,reviewed,manual_review,https://www.newpagans.com/about,manual identity and origin review,Official biography describes the group as Belfast-based.
update,Rudi,,Belfast,7cn9cxPh36ZnWTGXI78x55,reviewed,manual_review,https://en.wikipedia.org/wiki/Rudi_%28band%29,manual identity and origin review,Explicit Spotify identity selected from a name-disambiguated search.
update,The Outcasts,,Belfast,4DDiFKfkmzRaZEakCn1gjO,reviewed,manual_review,https://www.ulstermuseum.org/digital-exhibitions/punk-gigs,manual identity and origin review,Explicit Belfast punk band Spotify identity.
update,King,,Coventry,3ckiHuEKcXHXV0QOkCdCki,reviewed,manual_review,https://en.wikipedia.org/wiki/King_%28new_wave_band%29,manual identity and origin review,Explicit Love and Pride-era band identity.
update,Adorable,,Coventry,6xKL0fuDG1P7nivQtPY2fv,reviewed,manual_review,https://www.allmusic.com/artist/adorable-mn0000599278,manual identity and origin review,Explicit Coventry shoegaze band identity.
replace,The Men They Couldn't Hang,The Lounge Kittens,Southampton,1UWCNPK34Wf98Vtcluaxby,reviewed,manual_review,https://www.theloungekittens.co.uk/about,manual replacement,The original candidate formed in London from members with mixed south-coast links.
update,Dead!,,Southampton,2uQCQ4BmANn12eOlOfkwqF,reviewed,manual_review,https://www.allmusic.com/artist/dead%21-mn0003455848,manual identity and origin review,Formed by members who met in Southampton.
update,Desolated,,Southampton,4aJzQA930qk1ZLTxZDllh6,reviewed,manual_review,https://musicbrainz.org/artist/d742a140-8510-46e7-9a10-f3127abc2a8f,manual identity and origin review,MusicBrainz formation evidence retained with explicit Spotify identity.
update,The Watersons,,Kingston upon Hull,59w4wGMXlt4HULBSTVxRAY,reviewed,manual_review,https://mainlynorfolk.info/watersons/biography/,manual identity and origin review,Hull folk group.
update,Red Guitars,,Kingston upon Hull,5Y4NtpzJGvNTitaOEAPQOm,reviewed,manual_review,https://musicbrainz.org/artist/9be15d7e-1a45-4706-a339-fc48f2a9cb6d,manual identity and origin review,MusicBrainz formation evidence retained with explicit Spotify identity.
update,TTNG,,Oxford,5TUa95aB5Vu2CzwCnZd6t0,reviewed,manual_review,https://musicbrainz.org/artist/544559db-c6c4-45d6-8435-d224e4f696e9,manual identity and origin review,Spotify uses the former name This Town Needs Guns.
update,The Candyskins,,Oxford,4o0ptlsLWeQDDMutHwPA20,reviewed,manual_review,https://open.spotify.com/artist/4o0ptlsLWeQDDMutHwPA20,manual identity review,Spotify biography identifies the Oxford band.
update,Cattle & Cane,,Middlesbrough,6a1PrMzNmhNE8HrO8burHc,reviewed,manual_review,https://www.allmusic.com/artist/cattle-cane-mn0003092536,manual identity and origin review,AllMusic gives Middlesbrough as formation place.
update,The Young'uns,,Stockton-on-Tees,1yyXgzBSMpwYqd2GZN4OCS,reviewed,manual_review,https://theyounguns.co.uk/about,manual identity and origin review,Stockton is within the Middlesbrough Functional Urban Area.
update,Mouses,,Billingham,4zCHl1iYtjNLcbAAmuPhKX,reviewed,manual_review,https://narcmagazine.com/interview-mouses-2/,manual identity and origin review,Billingham is within the Middlesbrough Functional Urban Area.
update,Cape Cub,,Middlesbrough,4xbJS00sHh5wBd5nYgsk8z,reviewed,manual_review,https://open.spotify.com/artist/4xbJS00sHh5wBd5nYgsk8z,manual identity and origin review,North-east act retained from the Middlesbrough editorial review.
update,Benefits,,Teesside,5nrO8X72nFeyu3sqYIkskQ,reviewed,manual_review,https://www.benefitstheband.com/copy-of-home,manual identity and origin review,Official biography describes the group as Teesside agitators.
update,Collectors Club,,Middlesbrough,4J5IRxSvhATb5y1Jv8dZdI,reviewed,manual_review,https://en.wikipedia.org/wiki/Collectors_Club,manual identity and origin review,Formed as a Middlesbrough sixth-form band.
update,The Chapman Family,,Stockton-on-Tees,3JDtBazV1J60MlLCXPf0xk,reviewed,manual_review,https://musicbrainz.org/artist/fed965be-1b9d-432b-9954-7f7e1b720a79,manual identity and origin review,MusicBrainz formation evidence retained with explicit Spotify identity.
replace,Shrug,Das Wanderlust,Middlesbrough,7Bc71APQFDwBuhFgyq617o,reviewed,manual_review,https://www.allgigs.co.uk/view/artist/54759/Das_Wanderlust.html,manual replacement,Replaced an ambiguous Spotify identity with a documented Middlesbrough band.
replace,The Wildcats of Kilkenny,The Flaming Mussolinis,Middlesbrough,7DMTNRuX4yxSzVMyP5H2be,reviewed,manual_review,https://en.wikipedia.org/wiki/The_Flaming_Mussolinis,manual replacement,Replaced a candidate without a verified Spotify identity.
update,Kassassin Street,,Southsea,76aX6lwh5f4lhzUQpHmXwH,reviewed,manual_review,https://www.victoriousfestival.co.uk/2016/08/2090/,manual identity and origin review,Southsea is within the Portsmouth Functional Urban Area.
update,Is Bliss,,Portsmouth,214LZis6BGqavismw079Yg,reviewed,manual_review,https://www.fredperry.com/eu-pt/subculture/articles/is-bliss,manual identity and origin review,Portsmouth-based trio.
update,Hallan,,Portsmouth,2cVFmKTidTQi4wVOWYcWi6,reviewed,manual_review,https://hotvox.co.uk/artist/hallan/,manual identity and origin review,Portsmouth-origin post-punk band.
update,Crystal Tides,,Portsmouth,5a94ihfgkkItCundHIPxP4,reviewed,manual_review,https://www.port.ac.uk/news-events-and-blogs/blogs/participation-and-performance/local-band-crystal-tides-record-debut-album-at-the-university-of-portsmouth-studios,manual identity and origin review,University of Portsmouth describes the group as a local band.
update,The Strange Death of Liberal England,,Portsmouth,5Sj1C0yicWZVw7ZqbuzNwg,reviewed,manual_review,https://musicbrainz.org/artist/83fb85cb-7242-41f6-8aef-64454fcecca5,manual identity and origin review,MusicBrainz formation evidence retained with explicit Spotify identity.
update,Emptifish,,Portsmouth,5DqwyRAxgS6l8FUkGRLvYZ,reviewed,manual_review,https://musicbrainz.org/artist/c135a966-9280-4925-958d-48016551e042,manual identity and origin review,MusicBrainz formation evidence retained with explicit Spotify identity.
replace,Torpedoes,Ivyrise,Portsmouth,3Cpe6aAAVacasDfOQgb3fq,reviewed,manual_review,https://en.wikipedia.org/wiki/Ivyrise,manual replacement,Replaced an ambiguous Spotify identity with a documented Portsmouth-origin band.
replace,Ricky,Acres,Portsmouth,3y43zXffnLmhyQD1K4QCmD,reviewed,manual_review,https://en.wikipedia.org/wiki/Acres_%28band%29,manual replacement,Replaced an unresolved same-name artist with a documented Portsmouth band.
update,Battery Hens,,Portsmouth,5C7dAXgTF5TguTFJaAn3KN,reviewed,manual_review,https://batteryhens.bandcamp.com/album/battery-hens-ep,manual identity and origin review,Official Bandcamp describes the act as Portsmouth-based.
