popularity_rank,capture_key,city,returned_spotify_id,spotify_name,monthly_listeners,followers,world_rank,stats_extracted_at_utc,source,source_access,requested_spotify_id,wikidata_qid,band_name,spotify_expected_name,formation_qid,formation_label,instance_label,country_label,identity_decision,origin_override,reason,source_url,identity_name_match,identity_status,identity_accepted,band_eligible,eligibility_status,requested_is_returned,redirect_duplicate,origin_cluster,origin_resolution
1,Coldplay [4gzpq5DPGxSnKTe4SA8HAU],,4gzpq5DPGxSnKTe4SA8HAU,Coldplay,92034104,64732379,11,2026-07-18T20:45:22.974241+00:00,Spotify web-player queryArtistOverview,undocumented read-only web-client endpoint,4gzpq5DPGxSnKTe4SA8HAU,Q45188,Coldplay,Coldplay,Q84,London,musical group,United Kingdom,,,,,True,accepted_exact_name,True,True,eligible_group_or_duo,True,False,London,reported_place
2,Arctic Monkeys [7Ln80lUS6He07XvHI8qqHH],,7Ln80lUS6He07XvHI8qqHH,Arctic Monkeys,52301870,35028298,61,2026-07-18T20:45:22.974241+00:00,Spotify web-player queryArtistOverview,undocumented read-only web-client endpoint,7Ln80lUS6He07XvHI8qqHH,Q170599,Arctic Monkeys,Arctic Monkeys,Q42448,Sheffield,musical group,United Kingdom,,,,,True,accepted_exact_name,True,True,eligible_group_or_duo,True,False,Sheffield,reported_place
3,Queen [1dfeR4HaWDbWqFHLkxsg1d],,1dfeR4HaWDbWqFHLkxsg1d,Queen,51601234,58004701,64,2026-07-18T20:45:22.974241+00:00,Spotify web-player queryArtistOverview,undocumented read-only web-client endpoint,1dfeR4HaWDbWqFHLkxsg1d,Q15862,Queen,Queen,Q84,London,musical group,United Kingdom,,,,,True,accepted_exact_name,True,True,eligible_group_or_duo,True,False,London,reported_place
4,Fleetwood Mac [08GQAI4eElDnROBrJRGE0X],,08GQAI4eElDnROBrJRGE0X,Fleetwood Mac,50959935,15546243,66,2026-07-18T20:45:22.974241+00:00,Spotify web-player queryArtistOverview,undocumented read-only web-client endpoint,08GQAI4eElDnROBrJRGE0X,Q106648,Fleetwood Mac,Fleetwood Mac,Q84,London,musical group,United Kingdom,,,,,True,accepted_exact_name,True,True,eligible_group_or_duo,True,False,London,reported_place
5,One Direction [4AK6F7OLvEQ5QYCBNiQWHq],,4AK6F7OLvEQ5QYCBNiQWHq,One Direction,45724043,41728665,86,2026-07-18T20:45:22.974241+00:00,Spotify web-player queryArtistOverview,undocumented read-only web-client endpoint,4AK6F7OLvEQ5QYCBNiQWHq,Q146027,One Direction,One Direction,Q84,London,musical group,United Kingdom,,,,,True,accepted_exact_name,True,True,eligible_group_or_duo,True,False,London,reported_place
6,Radiohead [4Z8W4fKeB5YxbusRsdQVPb],,4Z8W4fKeB5YxbusRsdQVPb,Radiohead,43168156,16613975,100,2026-07-18T20:45:22.974241+00:00,Spotify web-player queryArtistOverview,undocumented read-only web-client endpoint,4Z8W4fKeB5YxbusRsdQVPb,Q44190,Radiohead,Radiohead,Q321381,Abingdon-on-Thames,musical group,United Kingdom,,,,,True,accepted_exact_name,True,True,eligible_group_or_duo,True,False,Oxford,editorial_city_cluster
7,The Police [5NGO30tJxFlKixkPSgXcFE],,5NGO30tJxFlKixkPSgXcFE,The Police,39887109,8458469,121,2026-07-18T20:45:22.974241+00:00,Spotify web-player queryArtistOverview,undocumented read-only web-client endpoint,5NGO30tJxFlKixkPSgXcFE,Q178095,The Police,The Police,Q84,London,rock band,United Kingdom,,,,,True,accepted_exact_name,True,True,eligible_group_or_duo,True,False,London,reported_place
8,Oasis [2DaxqgrOhkeH0fpeiQq2f4],,2DaxqgrOhkeH0fpeiQq2f4,Oasis,39676473,13941515,124,2026-07-18T20:45:22.974241+00:00,Spotify web-player queryArtistOverview,undocumented read-only web-client endpoint,2DaxqgrOhkeH0fpeiQq2f4,Q382890,Oasis,Oasis,Q18125,Manchester,rock band,United Kingdom,,,,,True,accepted_exact_name,True,True,eligible_group_or_duo,True,False,Manchester,reported_place
9,Gorillaz [3AA28KZvwAUcZuOKwyblJQ],,3AA28KZvwAUcZuOKwyblJQ,Gorillaz,38173160,16369649,134,2026-07-18T20:45:22.974241+00:00,Spotify web-player queryArtistOverview,undocumented read-only web-client endpoint,3AA28KZvwAUcZuOKwyblJQ,Q189991,Gorillaz,Gorillaz,Q84,London,musical group|virtual band,United Kingdom,,,,,True,accepted_exact_name,True,True,eligible_group_or_duo,True,False,London,reported_place
10,The Beatles [3WrFJ7ztbogyGnTHbHJFl2],,3WrFJ7ztbogyGnTHbHJFl2,The Beatles,37927636,32385954,137,2026-07-18T20:45:22.974241+00:00,Spotify web-player queryArtistOverview,undocumented read-only web-client endpoint,3WrFJ7ztbogyGnTHbHJFl2,Q1299,The Beatles,The Beatles,Q24826,Liverpool,musical group,United Kingdom,,,,,True,accepted_exact_name,True,True,eligible_group_or_duo,True,False,Liverpool,reported_place
11,Clean Bandit [6MDME20pz9RveH9rEXvrOM],,6MDME20pz9RveH9rEXvrOM,Clean Bandit,35453400,6321202,156,2026-07-18T20:45:22.974241+00:00,Spotify web-player queryArtistOverview,undocumented read-only web-client endpoint,6MDME20pz9RveH9rEXvrOM,Q11838808,Clean Bandit,Clean Bandit,Q350,Cambridge,musical group,United Kingdom,,,,,True,accepted_exact_name,True,True,eligible_group_or_duo,True,False,Cambridge,reported_place
12,The Rolling Stones [22bE4uQ6baNwSHPVcDxLCe],,22bE4uQ6baNwSHPVcDxLCe,The Rolling Stones,30690194,16651560,204,2026-07-18T20:45:22.974241+00:00,Spotify web-player queryArtistOverview,undocumented read-only web-client endpoint,22bE4uQ6baNwSHPVcDxLCe,Q11036,The Rolling Stones,The Rolling Stones,Q84,London,band|musical group,United Kingdom,,,,,True,accepted_exact_name,True,True,eligible_group_or_duo,True,False,London,reported_place
13,Bee Gees [1LZEQNv7sE11VDY3SdxQeN],,1LZEQNv7sE11VDY3SdxQeN,Bee Gees,29286539,10121737,226,2026-07-18T20:45:22.974241+00:00,Spotify web-player queryArtistOverview,undocumented read-only web-client endpoint,1LZEQNv7sE11VDY3SdxQeN,Q133405,Bee Gees,Bee Gees,Q1995031,Los Hornos,musical group|musical trio|sibling musical trio|sibling trio,United Kingdom,,,,,True,accepted_exact_name,True,True,eligible_group_or_duo,True,False,Los Hornos,reported_place
14,Glass Animals [4yvcSjfu4PC0CYQyLy4wSq],,4yvcSjfu4PC0CYQyLy4wSq,Glass Animals,27093208,4804844,271,2026-07-18T20:45:22.974241+00:00,Spotify web-player queryArtistOverview,undocumented read-only web-client endpoint,4yvcSjfu4PC0CYQyLy4wSq,Q16839267,Glass Animals,Glass Animals,Q34217,Oxford,musical group,United Kingdom,,,,,True,accepted_exact_name,True,True,eligible_group_or_duo,True,False,Oxford,reported_place
15,Pink Floyd [0k17h0D3J5VfsdmQ1iZtE9],,0k17h0D3J5VfsdmQ1iZtE9,Pink Floyd,26546155,24145634,282,2026-07-18T20:45:22.974241+00:00,Spotify web-player queryArtistOverview,undocumented read-only web-client endpoint,0k17h0D3J5VfsdmQ1iZtE9,Q2306,Pink Floyd,Pink Floyd,Q84,London,rock band,United Kingdom,,,,,True,accepted_exact_name,True,True,eligible_group_or_duo,True,False,London,reported_place
16,Dire Straits [0WwSkZ7LtFUFjGjMZBMt6T],,0WwSkZ7LtFUFjGjMZBMt6T,Dire Straits,26242776,9643393,290,2026-07-18T20:45:22.974241+00:00,Spotify web-player queryArtistOverview,undocumented read-only web-client endpoint,0WwSkZ7LtFUFjGjMZBMt6T,Q50040,Dire Straits,Dire Straits,Q2308650,Deptford,musical group,United Kingdom,,,,,True,accepted_exact_name,True,True,eligible_group_or_duo,True,False,London,editorial_city_cluster
17,Florence + the Machine [1moxjboGR7GNWYIMWsRjgG],,1moxjboGR7GNWYIMWsRjgG,Florence + The Machine,25836943,7587105,296,2026-07-18T20:45:22.974241+00:00,Spotify web-player queryArtistOverview,undocumented read-only web-client endpoint,1moxjboGR7GNWYIMWsRjgG,Q217360,Florence + the Machine,Florence + the Machine,Q84,London,rock band,United Kingdom,,,,,True,accepted_exact_name,True,True,eligible_group_or_duo,True,False,London,reported_place
18,The Cure [7bu3H8JO7d0UbMoVzbo70s],,7bu3H8JO7d0UbMoVzbo70s,The Cure,25827890,7492117,297,2026-07-18T20:45:22.974241+00:00,Spotify web-player queryArtistOverview,undocumented read-only web-client endpoint,7bu3H8JO7d0UbMoVzbo70s,Q484427,The Cure,The Cure,Q844908,Crawley,musical group,United Kingdom,,,,,True,accepted_exact_name,True,True,eligible_group_or_duo,True,False,Crawley,reported_place
19,Sade [47zz7sob9NUcODy0BTDvKx],,47zz7sob9NUcODy0BTDvKx,Sade,25528819,6060389,309,2026-07-18T20:45:22.974241+00:00,Spotify web-player queryArtistOverview,undocumented read-only web-client endpoint,47zz7sob9NUcODy0BTDvKx,Q658182,Sade,Sade,Q84,London,musical group,United Kingdom,,,,,True,accepted_exact_name,True,True,eligible_group_or_duo,True,False,London,reported_place
20,Disclosure [6nS5roXSAGhTGr34W6n7Et],,6nS5roXSAGhTGr34W6n7Et,Disclosure,25360907,2482964,314,2026-07-18T20:45:22.974241+00:00,Spotify web-player queryArtistOverview,undocumented read-only web-client endpoint,6nS5roXSAGhTGr34W6n7Et,Q1228440,Disclosure,Disclosure,Q1018418,Reigate,musical duo,United Kingdom,,,,,True,accepted_exact_name,True,True,eligible_group_or_duo,True,False,Reigate,reported_place
21,Tears for Fears [4bthk9UfsYUYdcFyqxmSUU],,4bthk9UfsYUYdcFyqxmSUU,Tears For Fears,23781006,4593372,338,2026-07-18T20:45:22.974241+00:00,Spotify web-player queryArtistOverview,undocumented read-only web-client endpoint,4bthk9UfsYUYdcFyqxmSUU,Q269091,Tears for Fears,Tears for Fears,Q22889,Bath,musical duo,United Kingdom,,,,,True,accepted_exact_name,True,True,eligible_group_or_duo,True,False,Bath,reported_place
22,Keane [53A0W3U0s8diEn9RhXQhVz],,53A0W3U0s8diEn9RhXQhVz,Keane,23259577,4211743,348,2026-07-18T20:45:22.974241+00:00,Spotify web-player queryArtistOverview,undocumented read-only web-client endpoint,53A0W3U0s8diEn9RhXQhVz,Q484311,Keane,Keane,Q737593,Battle,musical group,United Kingdom,,,,,True,accepted_exact_name,True,True,eligible_group_or_duo,True,False,Battle,reported_place
23,The Smiths [3yY2gUcIsjMr8hjo51PoJ8],,3yY2gUcIsjMr8hjo51PoJ8,The Smiths,22515532,8767855,367,2026-07-18T20:45:22.974241+00:00,Spotify web-player queryArtistOverview,undocumented read-only web-client endpoint,3yY2gUcIsjMr8hjo51PoJ8,Q180598,The Smiths,The Smiths,Q18125,Manchester,rock band,United Kingdom,,,,,True,accepted_exact_name,True,True,eligible_group_or_duo,True,False,Manchester,reported_place
24,Bastille [7EQ0qTo7fWT7DPxmxtSYEc],,7EQ0qTo7fWT7DPxmxtSYEc,Bastille,22166012,5786448,374,2026-07-18T20:45:22.974241+00:00,Spotify web-player queryArtistOverview,undocumented read-only web-client endpoint,7EQ0qTo7fWT7DPxmxtSYEc,Q689,Bastille,Bastille,Q84,London,musical group,United Kingdom,,,,,True,accepted_exact_name,True,True,eligible_group_or_duo,True,False,London,reported_place
25,Muse [12Chz98pHFMPJEknJQMWvI],,12Chz98pHFMPJEknJQMWvI,Muse,20942571,8949427,412,2026-07-18T20:45:22.974241+00:00,Spotify web-player queryArtistOverview,undocumented read-only web-client endpoint,12Chz98pHFMPJEknJQMWvI,Q22151,Muse,Muse,Q531311,Teignmouth,rock band,United Kingdom,,,,,True,accepted_exact_name,True,True,eligible_group_or_duo,True,False,Teignmouth,reported_place
26,Led Zeppelin [36QJpDe2go2KgaRleHCDTp],,36QJpDe2go2KgaRleHCDTp,Led Zeppelin,20605707,16927470,426,2026-07-18T20:45:22.974241+00:00,Spotify web-player queryArtistOverview,undocumented read-only web-client endpoint,36QJpDe2go2KgaRleHCDTp,Q2331,Led Zeppelin,Led Zeppelin,Q84,London,musical group|rock band,England,,,,,True,accepted_exact_name,True,True,eligible_group_or_duo,True,False,London,reported_place
27,The 1975 [3mIj9lX2MWuHmhNCA7LSCW],,3mIj9lX2MWuHmhNCA7LSCW,The 1975,18915018,8582651,493,2026-07-18T20:45:22.974241+00:00,Spotify web-player queryArtistOverview,undocumented read-only web-client endpoint,3mIj9lX2MWuHmhNCA7LSCW,Q2811247,The 1975,The 1975,Q2011497,Wilmslow,musical group,United Kingdom,,,,,True,accepted_exact_name,True,True,eligible_group_or_duo,True,False,Manchester,editorial_city_cluster
28,Black Sabbath [5M52tdBnJaKSvOpJGz8mfZ],,5M52tdBnJaKSvOpJGz8mfZ,Black Sabbath,18288641,10711277,0,2026-07-18T20:45:22.974241+00:00,Spotify web-player queryArtistOverview,undocumented read-only web-client endpoint,5M52tdBnJaKSvOpJGz8mfZ,Q47670,Black Sabbath,Black Sabbath,Q2256,Birmingham,heavy metal band,United Kingdom,,,,,True,accepted_exact_name,True,True,eligible_group_or_duo,True,False,Birmingham,reported_place
29,The Outfield [1zxDewzd2j1ZdSBGaYcr0y],,1zxDewzd2j1ZdSBGaYcr0y,The Outfield,17941634,893650,0,2026-07-18T20:45:22.974241+00:00,Spotify web-player queryArtistOverview,undocumented read-only web-client endpoint,1zxDewzd2j1ZdSBGaYcr0y,Q2093178,The Outfield,The Outfield,Q18125,Manchester,musical group,United Kingdom,,,,,True,accepted_exact_name,True,True,eligible_group_or_duo,True,False,Manchester,reported_place
30,Depeche Mode [762310PdDnwsDxAQxzQkfX],,762310PdDnwsDxAQxzQkfX,Depeche Mode,17667155,7949283,0,2026-07-18T20:45:22.974241+00:00,Spotify web-player queryArtistOverview,undocumented read-only web-client endpoint,762310PdDnwsDxAQxzQkfX,Q482964,Depeche Mode,Depeche Mode,Q216649,Basildon,musical group,United Kingdom,,,,,True,accepted_exact_name,True,True,eligible_group_or_duo,True,False,Basildon,reported_place
31,America [35U9lQaRWSQISxQAB94Meo],,35U9lQaRWSQISxQAB94Meo,America,17384987,2286400,0,2026-07-18T20:45:22.974241+00:00,Spotify web-player queryArtistOverview,undocumented read-only web-client endpoint,35U9lQaRWSQISxQAB94Meo,Q126852,America,America,Q84,London,musical group,United Kingdom,,,,,True,accepted_exact_name,True,True,eligible_group_or_duo,True,False,London,reported_place
32,The Verve [2cGwlqi3k18jFpUyTrsR84],,2cGwlqi3k18jFpUyTrsR84,The Verve,16374768,3001478,0,2026-07-18T20:45:22.974241+00:00,Spotify web-player queryArtistOverview,undocumented read-only web-client endpoint,2cGwlqi3k18jFpUyTrsR84,Q488916,The Verve,The Verve,Q208143,Wigan,musical group,United Kingdom,,,,,True,accepted_exact_name,True,True,eligible_group_or_duo,True,False,Manchester,editorial_city_cluster
33,Duran Duran [0lZoBs4Pzo7R89JM9lxwoT],,0lZoBs4Pzo7R89JM9lxwoT,Duran Duran,15134650,3958344,0,2026-07-18T20:45:22.974241+00:00,Spotify web-player queryArtistOverview,undocumented read-only web-client endpoint,0lZoBs4Pzo7R89JM9lxwoT,Q58381,Duran Duran,Duran Duran,Q2256,Birmingham,musical group,United Kingdom,,,,,True,accepted_exact_name,True,True,eligible_group_or_duo,True,False,Birmingham,reported_place
34,Eurythmics [0NKDgy9j66h3DLnN8qu1bB],,0NKDgy9j66h3DLnN8qu1bB,Eurythmics,14843560,2546395,0,2026-07-18T20:45:22.974241+00:00,Spotify web-player queryArtistOverview,undocumented read-only web-client endpoint,0NKDgy9j66h3DLnN8qu1bB,Q207706,Eurythmics,Eurythmics,Q188304,Sunderland,musical group,United Kingdom,,,,,True,accepted_exact_name,True,True,eligible_group_or_duo,True,False,Sunderland,reported_place
35,Little Mix [3e7awlrlDSwF3iM0WBjGMp],,3e7awlrlDSwF3iM0WBjGMp,Little Mix,14779473,12405563,0,2026-07-18T20:45:22.974241+00:00,Spotify web-player queryArtistOverview,undocumented read-only web-client endpoint,3e7awlrlDSwF3iM0WBjGMp,Q158419,Little Mix,Little Mix,Q21,England,girl group,United Kingdom,,London,Wikidata records only England; Apple Music records London as the formation place,https://music.apple.com/gb/artist/little-mix/477515548,True,accepted_exact_name,True,True,eligible_group_or_duo,True,False,London,reviewed_override
36,The Clash [3RGLhK1IP9jnYFH4BRFJBS],,3RGLhK1IP9jnYFH4BRFJBS,The Clash,14589467,3508323,0,2026-07-18T20:45:22.974241+00:00,Spotify web-player queryArtistOverview,undocumented read-only web-client endpoint,3RGLhK1IP9jnYFH4BRFJBS,Q125603,The Clash,The Clash,Q84,London,musical group|rock band,United Kingdom,,,,,True,accepted_exact_name,True,True,eligible_group_or_duo,True,False,London,reported_place
37,Mumford & Sons [3gd8FJtBJtkRxdfbTu19U2],,3gd8FJtBJtkRxdfbTu19U2,Mumford & Sons,14381934,6882187,0,2026-07-18T20:45:22.974241+00:00,Spotify web-player queryArtistOverview,undocumented read-only web-client endpoint,3gd8FJtBJtkRxdfbTu19U2,Q953918,Mumford & Sons,Mumford & Sons,Q84,London,musical group,United Kingdom,,,,,True,accepted_exact_name,True,True,eligible_group_or_duo,True,False,London,reported_place
38,Blur [7MhMgCo0Bl0Kukl93PZbYS],,7MhMgCo0Bl0Kukl93PZbYS,Blur,14009757,4274924,0,2026-07-18T20:45:22.974241+00:00,Spotify web-player queryArtistOverview,undocumented read-only web-client endpoint,7MhMgCo0Bl0Kukl93PZbYS,Q485820,Blur,Blur,Q84,London,musical group,United Kingdom,,,,,True,accepted_exact_name,True,True,eligible_group_or_duo,True,False,London,reported_place
39,Bring Me the Horizon [1Ffb6ejR6Fe5IamqA5oRUF],,1Ffb6ejR6Fe5IamqA5oRUF,Bring Me The Horizon,13707032,7131475,0,2026-07-18T20:45:22.974241+00:00,Spotify web-player queryArtistOverview,undocumented read-only web-client endpoint,1Ffb6ejR6Fe5IamqA5oRUF,Q494784,Bring Me the Horizon,Bring Me the Horizon,Q42448,Sheffield,musical group,United Kingdom,,,,,True,accepted_exact_name,True,True,eligible_group_or_duo,True,False,Sheffield,reported_place
40,Snow Patrol [3rIZMv9rysU7JkLzEaC5Jp],,3rIZMv9rysU7JkLzEaC5Jp,Snow Patrol,13274460,3465980,0,2026-07-18T20:45:22.974241+00:00,Spotify web-player queryArtistOverview,undocumented read-only web-client endpoint,3rIZMv9rysU7JkLzEaC5Jp,Q188407,Snow Patrol,Snow Patrol,Q123709,Dundee,musical group,Scotland,,,,,True,accepted_exact_name,True,True,eligible_group_or_duo,True,False,Dundee,reported_place
41,Spice Girls [0uq5PttqEjj3IH1bzwcrXF],,0uq5PttqEjj3IH1bzwcrXF,Spice Girls,12877807,4560204,0,2026-07-18T20:45:22.974241+00:00,Spotify web-player queryArtistOverview,undocumented read-only web-client endpoint,0uq5PttqEjj3IH1bzwcrXF,Q55641,Spice Girls,Spice Girls,Q84,London,girl group,United Kingdom,,,,,True,accepted_exact_name,True,True,eligible_group_or_duo,True,False,London,reported_place
42,The Animals [3ICflSq6ZgYAIrm2CTkfVP],,3ICflSq6ZgYAIrm2CTkfVP,The Animals,12324330,2812173,0,2026-07-18T20:45:22.974241+00:00,Spotify web-player queryArtistOverview,undocumented read-only web-client endpoint,3ICflSq6ZgYAIrm2CTkfVP,Q131422,The Animals,The Animals,Q1425428,Newcastle upon Tyne,musical group,United Kingdom,,,,,True,accepted_exact_name,True,True,eligible_group_or_duo,True,False,Newcastle upon Tyne,reported_place
43,Rudimental [4WN5naL3ofxrVBgFpguzKo],,4WN5naL3ofxrVBgFpguzKo,Rudimental,11737472,1462225,0,2026-07-18T20:45:22.974241+00:00,Spotify web-player queryArtistOverview,undocumented read-only web-client endpoint,4WN5naL3ofxrVBgFpguzKo,Q50971,Rudimental,Rudimental,Q205679,London Borough of Hackney,musical group,United Kingdom,,,,,True,accepted_exact_name,True,True,eligible_group_or_duo,True,False,London,editorial_city_cluster
44,Faithless [5T4UKHhr4HGIC0VzdZQtAE],,5T4UKHhr4HGIC0VzdZQtAE,Faithless,11726956,796754,0,2026-07-18T20:45:22.974241+00:00,Spotify web-player queryArtistOverview,undocumented read-only web-client endpoint,5T4UKHhr4HGIC0VzdZQtAE,Q542071,Faithless,Faithless,Q84,London,musical group,United Kingdom,,,,,True,accepted_exact_name,True,True,eligible_group_or_duo,True,False,London,reported_place
45,Disciples [5EehXjjMktLuJmbRsM7YfB],,5EehXjjMktLuJmbRsM7YfB,Disciples,11691137,299331,0,2026-07-18T20:45:22.974241+00:00,Spotify web-player queryArtistOverview,undocumented read-only web-client endpoint,5EehXjjMktLuJmbRsM7YfB,Q24025201,Disciples,Disciples,Q84,London,musical ensemble,United Kingdom,,,,,True,accepted_exact_name,True,True,eligible_group_or_duo,True,False,London,reported_place
46,Jungle [59oA5WbbQvomJz2BuRG071],,59oA5WbbQvomJz2BuRG071,Jungle,11614048,1886516,0,2026-07-18T20:45:22.974241+00:00,Spotify web-player queryArtistOverview,undocumented read-only web-client endpoint,59oA5WbbQvomJz2BuRG071,Q17405943,Jungle,Jungle,Q84,London,rock band,United Kingdom,,,,,True,accepted_exact_name,True,True,eligible_group_or_duo,True,False,London,reported_place
47,Bôa [5jTtGLk1mGFMY5lQOvJYUj],,5jTtGLk1mGFMY5lQOvJYUj,bôa,11444869,1380058,0,2026-07-18T20:45:22.974241+00:00,Spotify web-player queryArtistOverview,undocumented read-only web-client endpoint,5jTtGLk1mGFMY5lQOvJYUj,Q285481,Bôa,Bôa,Q84,London,rock band,United Kingdom,,,,,True,accepted_exact_name,True,True,eligible_group_or_duo,True,False,London,reported_place
48,Cutting Crew [3cniTumSiUysiPWXapGx1i],,3cniTumSiUysiPWXapGx1i,Cutting Crew,10972839,628518,0,2026-07-18T20:45:22.974241+00:00,Spotify web-player queryArtistOverview,undocumented read-only web-client endpoint,3cniTumSiUysiPWXapGx1i,Q977526,Cutting Crew,Cutting Crew,Q84,London,musical group,United Kingdom,,,,,True,accepted_exact_name,True,True,eligible_group_or_duo,True,False,London,reported_place
49,Franz Ferdinand [0XNa1vTidXlvJ2gHSsRi4A],,0XNa1vTidXlvJ2gHSsRi4A,Franz Ferdinand,10807735,3218082,0,2026-07-18T20:45:22.974241+00:00,Spotify web-player queryArtistOverview,undocumented read-only web-client endpoint,0XNa1vTidXlvJ2gHSsRi4A,Q173180,Franz Ferdinand,Franz Ferdinand,Q4093,Glasgow,musical group,United Kingdom,,,,,True,accepted_exact_name,True,True,eligible_group_or_duo,True,False,Glasgow,reported_place
50,Def Leppard [6H1RjVyNruCmrBEWRbD0VZ],,6H1RjVyNruCmrBEWRbD0VZ,Def Leppard,10792689,6056540,0,2026-07-18T20:45:22.974241+00:00,Spotify web-player queryArtistOverview,undocumented read-only web-client endpoint,6H1RjVyNruCmrBEWRbD0VZ,Q182890,Def Leppard,Def Leppard,Q42448,Sheffield,musical group,United Kingdom,,,,,True,accepted_exact_name,True,True,eligible_group_or_duo,True,False,Sheffield,reported_place
51,Pet Shop Boys [2ycnb8Er79LoH2AsR5ldjh],,2ycnb8Er79LoH2AsR5ldjh,Pet Shop Boys,10634217,2426999,0,2026-07-18T20:45:22.974241+00:00,Spotify web-player queryArtistOverview,undocumented read-only web-client endpoint,2ycnb8Er79LoH2AsR5ldjh,Q485625,Pet Shop Boys,Pet Shop Boys,Q84,London,male duo|musical duo,United Kingdom,,,,,True,accepted_exact_name,True,True,eligible_group_or_duo,True,False,London,reported_place
52,The Hollies [6waa8mKu91GjzD4NlONlNJ],,6waa8mKu91GjzD4NlONlNJ,The Hollies,10112715,1450461,0,2026-07-18T20:45:22.974241+00:00,Spotify web-player queryArtistOverview,undocumented read-only web-client endpoint,6waa8mKu91GjzD4NlONlNJ,Q282925,The Hollies,The Hollies,Q18125,Manchester,musical group,United Kingdom,,,,,True,accepted_exact_name,True,True,eligible_group_or_duo,True,False,Manchester,reported_place
53,Wham! [5lpH0xAS4fVfLkACg9DAuM],,5lpH0xAS4fVfLkACg9DAuM,Wham!,10018855,3400543,0,2026-07-18T20:45:22.974241+00:00,Spotify web-player queryArtistOverview,undocumented read-only web-client endpoint,5lpH0xAS4fVfLkACg9DAuM,Q744087,Wham!,Wham!,Q10996,Bushey,male duo|musical duo,United Kingdom,,,,,True,accepted_exact_name,True,True,eligible_group_or_duo,True,False,London,editorial_city_cluster
54,Two Door Cinema Club [536BYVgOnRky0xjsPT96zl],,536BYVgOnRky0xjsPT96zl,Two Door Cinema Club,9884423,2655723,0,2026-07-18T20:45:22.974241+00:00,Spotify web-player queryArtistOverview,undocumented read-only web-client endpoint,536BYVgOnRky0xjsPT96zl,Q777302,Two Door Cinema Club,Two Door Cinema Club,Q806551,Bangor,musical group,United Kingdom,,,,,True,accepted_exact_name,True,True,eligible_group_or_duo,True,False,Bangor,reported_place
55,The Stranglers [0RUEHcBiENFEqxgicqS2ig],,0RUEHcBiENFEqxgicqS2ig,The Stranglers,9836875,862339,0,2026-07-18T20:45:22.974241+00:00,Spotify web-player queryArtistOverview,undocumented read-only web-client endpoint,0RUEHcBiENFEqxgicqS2ig,Q1532854,The Stranglers,The Stranglers,Q213465,Guildford,musical group,United Kingdom,,,,,True,accepted_exact_name,True,True,eligible_group_or_duo,True,False,Guildford,reported_place
56,Simple Minds [6hN9F0iuULZYWXppob22Aj],,6hN9F0iuULZYWXppob22Aj,Simple Minds,9628717,2504682,0,2026-07-18T20:45:22.974241+00:00,Spotify web-player queryArtistOverview,undocumented read-only web-client endpoint,6hN9F0iuULZYWXppob22Aj,Q748836,Simple Minds,Simple Minds,Q4093,Glasgow,musical group,Scotland,,,,,True,accepted_exact_name,True,True,eligible_group_or_duo,True,False,Glasgow,reported_place
57,Bronski Beat [2wpWOzQE5TpA0dVnh5YD08],,2wpWOzQE5TpA0dVnh5YD08,Bronski Beat,9566679,730877,0,2026-07-18T20:45:22.974241+00:00,Spotify web-player queryArtistOverview,undocumented read-only web-client endpoint,2wpWOzQE5TpA0dVnh5YD08,Q927927,Bronski Beat,Bronski Beat,Q84,London,musical group,United Kingdom,,,,,True,accepted_exact_name,True,True,eligible_group_or_duo,True,False,London,reported_place
58,Seafret [4Ly0KABsxlx4fNj63zJTrF],,4Ly0KABsxlx4fNj63zJTrF,Seafret,9520023,1149369,0,2026-07-18T20:45:22.974241+00:00,Spotify web-player queryArtistOverview,undocumented read-only web-client endpoint,4Ly0KABsxlx4fNj63zJTrF,Q28109766,Seafret,Seafret,Q527391,Bridlington,musical group,United Kingdom,,,,,True,accepted_exact_name,True,True,eligible_group_or_duo,True,False,Bridlington,reported_place
59,Genesis [3CkvROUTQ6nRi9yQOcsB50],,3CkvROUTQ6nRi9yQOcsB50,Genesis,9434858,3958098,0,2026-07-18T20:45:22.974241+00:00,Spotify web-player queryArtistOverview,undocumented read-only web-client endpoint,3CkvROUTQ6nRi9yQOcsB50,Q151012,Genesis,Genesis,Q23276|Q909146,Godalming|Surrey,musical group,United Kingdom,,,,,True,accepted_exact_name,True,True,eligible_group_or_duo,True,False,Godalming,reviewed_multi_place_rule
60,Spandau Ballet [2urZrEdsq72kx0UzfYN8Yv],,2urZrEdsq72kx0UzfYN8Yv,Spandau Ballet,9335819,1587103,0,2026-07-18T20:45:22.974241+00:00,Spotify web-player queryArtistOverview,undocumented read-only web-client endpoint,2urZrEdsq72kx0UzfYN8Yv,Q16011,Spandau Ballet,Spandau Ballet,Q205817,London Borough of Islington,musical group,United Kingdom,,,,,True,accepted_exact_name,True,True,eligible_group_or_duo,True,False,London,editorial_city_cluster
61,UB40 [69MEO1AADKg1IZrq2XLzo5],,69MEO1AADKg1IZrq2XLzo5,UB40,9327767,2783787,0,2026-07-18T20:45:22.974241+00:00,Spotify web-player queryArtistOverview,undocumented read-only web-client endpoint,69MEO1AADKg1IZrq2XLzo5,Q560153,UB40,UB40,Q2256,Birmingham,musical group,United Kingdom,,,,,True,accepted_exact_name,True,True,eligible_group_or_duo,True,False,Birmingham,reported_place
62,The Chemical Brothers [1GhPHrq36VKCY3ucVaZCfo],,1GhPHrq36VKCY3ucVaZCfo,The Chemical Brothers,9143502,2435363,0,2026-07-18T20:45:22.974241+00:00,Spotify web-player queryArtistOverview,undocumented read-only web-client endpoint,1GhPHrq36VKCY3ucVaZCfo,Q208507,The Chemical Brothers,The Chemical Brothers,Q18125,Manchester,musical group,United Kingdom,,,,,True,accepted_exact_name,True,True,eligible_group_or_duo,True,False,Manchester,reported_place
63,Simply Red [1fa0cOhromAZdq2xRA4vv8],,1fa0cOhromAZdq2xRA4vv8,Simply Red,9097250,2960800,0,2026-07-18T20:45:22.974241+00:00,Spotify web-player queryArtistOverview,undocumented read-only web-client endpoint,1fa0cOhromAZdq2xRA4vv8,Q339430,Simply Red,Simply Red,Q18125,Manchester,musical group,United Kingdom,,,,,True,accepted_exact_name,True,True,eligible_group_or_duo,True,False,Manchester,reported_place
64,Jamiroquai [6J7biCazzYhU3gM9j1wfid],,6J7biCazzYhU3gM9j1wfid,Jamiroquai,9068742,3053662,0,2026-07-18T20:45:22.974241+00:00,Spotify web-player queryArtistOverview,undocumented read-only web-client endpoint,6J7biCazzYhU3gM9j1wfid,Q202041,Jamiroquai,Jamiroquai,Q84,London,musical group,United Kingdom,,,,,True,accepted_exact_name,True,True,eligible_group_or_duo,True,False,London,reported_place
65,Iron Maiden [6mdiAmATAx73kdxrNrnlao],,6mdiAmATAx73kdxrNrnlao,Iron Maiden,9029433,10931269,0,2026-07-18T20:45:22.974241+00:00,Spotify web-player queryArtistOverview,undocumented read-only web-client endpoint,6mdiAmATAx73kdxrNrnlao,Q42482,Iron Maiden,Iron Maiden,Q2750829,Leyton,musical group,United Kingdom,,,,,True,accepted_exact_name,True,True,eligible_group_or_duo,True,False,London,editorial_city_cluster
66,Toploader [6xeFne1rkxMhKSW3ipvkdV],,6xeFne1rkxMhKSW3ipvkdV,Toploader,8829850,146489,0,2026-07-18T20:45:22.974241+00:00,Spotify web-player queryArtistOverview,undocumented read-only web-client endpoint,6xeFne1rkxMhKSW3ipvkdV,Q1742953,Toploader,Toploader,Q208262,Eastbourne,musical group,United Kingdom,,,,,True,accepted_exact_name,True,True,eligible_group_or_duo,True,False,Eastbourne,reported_place
67,New Order [0yNLKJebCb8Aueb54LYya3],,0yNLKJebCb8Aueb54LYya3,New Order,8786188,2651294,0,2026-07-18T20:45:22.974241+00:00,Spotify web-player queryArtistOverview,undocumented read-only web-client endpoint,0yNLKJebCb8Aueb54LYya3,Q214990,New Order,New Order,Q47952,Salford,rock band,United Kingdom,,,,,True,accepted_exact_name,True,True,eligible_group_or_duo,True,False,Manchester,editorial_city_cluster
68,Massive Attack [6FXMGgJwohJLUSr5nVlf9X],,6FXMGgJwohJLUSr5nVlf9X,Massive Attack,8692931,2943616,0,2026-07-18T20:45:22.974241+00:00,Spotify web-player queryArtistOverview,undocumented read-only web-client endpoint,6FXMGgJwohJLUSr5nVlf9X,Q357418,Massive Attack,Massive Attack,Q23154,Bristol,musical group,United Kingdom,,,,,True,accepted_exact_name,True,True,eligible_group_or_duo,True,False,Bristol,reported_place
69,The Who [67ea9eGLXYMsO2eYQRui3w],,67ea9eGLXYMsO2eYQRui3w,The Who,8659112,6100346,0,2026-07-18T20:45:22.974241+00:00,Spotify web-player queryArtistOverview,undocumented read-only web-client endpoint,67ea9eGLXYMsO2eYQRui3w,Q93346,The Who,The Who,Q84,London,musical group,United Kingdom,,,,,True,accepted_exact_name,True,True,eligible_group_or_duo,True,False,London,reported_place
70,D-Block Europe [5VadK1havLhK1OpKYsXv9y],,5VadK1havLhK1OpKYsXv9y,D-Block Europe,8351560,1930307,0,2026-07-18T20:45:22.974241+00:00,Spotify web-player queryArtistOverview,undocumented read-only web-client endpoint,5VadK1havLhK1OpKYsXv9y,Q63313993,D-Block Europe,D-Block Europe,Q6537297,Lewisham,male duo|musical collective|musical duo,United Kingdom,,,,,True,accepted_exact_name,True,True,eligible_group_or_duo,True,False,London,editorial_city_cluster
71,alt-J [3XHO7cRUPCLOr6jwp8vsx5],,3XHO7cRUPCLOr6jwp8vsx5,alt-J,8110938,3499216,0,2026-07-18T20:45:22.974241+00:00,Spotify web-player queryArtistOverview,undocumented read-only web-client endpoint,3XHO7cRUPCLOr6jwp8vsx5,Q47996,alt-J,alt-J,Q39121,Leeds,musical group,United Kingdom,,,,,True,accepted_exact_name,True,True,eligible_group_or_duo,True,False,Leeds,reported_place
72,The Proclaimers [1A92IAcd7A6npCA33oGM5i],,1A92IAcd7A6npCA33oGM5i,The Proclaimers,8100195,438174,0,2026-07-18T20:45:22.974241+00:00,Spotify web-player queryArtistOverview,undocumented read-only web-client endpoint,1A92IAcd7A6npCA33oGM5i,Q289622,The Proclaimers,The Proclaimers,Q758624,Auchtermuchty,musical duo|twin brother duo,United Kingdom,,,,,True,accepted_exact_name,True,True,eligible_group_or_duo,True,False,Auchtermuchty,reported_place
73,Dexys Midnight Runners [4QTVePrFu1xuGM9K0kNXkk],,4QTVePrFu1xuGM9K0kNXkk,Dexys Midnight Runners,7999321,384886,0,2026-07-18T20:45:22.974241+00:00,Spotify web-player queryArtistOverview,undocumented read-only web-client endpoint,4QTVePrFu1xuGM9K0kNXkk,Q247259,Dexys Midnight Runners,Dexys Midnight Runners,Q2256,Birmingham,musical group,United Kingdom,,,,,True,accepted_exact_name,True,True,eligible_group_or_duo,True,False,Birmingham,reported_place
74,The Kinks [1SQRv42e4PjEYfPhS0Tk9E],,1SQRv42e4PjEYfPhS0Tk9E,The Kinks,7864488,2958309,0,2026-07-18T20:45:22.974241+00:00,Spotify web-player queryArtistOverview,undocumented read-only web-client endpoint,1SQRv42e4PjEYfPhS0Tk9E,Q188713,The Kinks,The Kinks,Q84,London,musical group,United Kingdom,,,,,True,accepted_exact_name,True,True,eligible_group_or_duo,True,False,London,reported_place
75,Supertramp [3JsMj0DEzyWc0VDlHuy9Bx],,3JsMj0DEzyWc0VDlHuy9Bx,Supertramp,7695790,4214119,0,2026-07-18T20:45:22.974241+00:00,Spotify web-player queryArtistOverview,undocumented read-only web-client endpoint,3JsMj0DEzyWc0VDlHuy9Bx,Q176457,Supertramp,Supertramp,Q84,London,musical group,United Kingdom,,,,,True,accepted_exact_name,True,True,eligible_group_or_duo,True,False,London,reported_place
76,Oh Wonder [5cIc3SBFuBLVxJz58W2tU9],,5cIc3SBFuBLVxJz58W2tU9,Oh Wonder,7552797,1128715,0,2026-07-18T20:45:22.974241+00:00,Spotify web-player queryArtistOverview,undocumented read-only web-client endpoint,5cIc3SBFuBLVxJz58W2tU9,Q21452721,Oh Wonder,Oh Wonder,Q84,London,musical duo,United Kingdom,,,,,True,accepted_exact_name,True,True,eligible_group_or_duo,True,False,London,reported_place
77,Goodboys [2nm38smINjms1LtczR0Cei],,2nm38smINjms1LtczR0Cei,Goodboys,7292613,130149,0,2026-07-18T20:45:22.974241+00:00,Spotify web-player queryArtistOverview,undocumented read-only web-client endpoint,2nm38smINjms1LtczR0Cei,Q65052503,Goodboys,Goodboys,Q84,London,musical group,United Kingdom,,,,,True,accepted_exact_name,True,True,eligible_group_or_duo,True,False,London,reported_place
78,The Wanted [2NhdGz9EDv2FeUw6udu2g1],,2NhdGz9EDv2FeUw6udu2g1,The Wanted,7143333,2480552,0,2026-07-18T20:45:22.974241+00:00,Spotify web-player queryArtistOverview,undocumented read-only web-client endpoint,2NhdGz9EDv2FeUw6udu2g1,Q34918,The Wanted,The Wanted,Q21,England,boy band|musical group,United Kingdom,,London,Wikidata records only England; Apple Music records London as the formation place,https://music.apple.com/us/artist/the-wanted/3445978,True,accepted_exact_name,True,True,eligible_group_or_duo,True,False,London,reviewed_override
79,Culture Club [6kz53iCdBSqhQCZ21CoLcc],,6kz53iCdBSqhQCZ21CoLcc,Culture Club,7076755,1913999,0,2026-07-18T20:45:22.974241+00:00,Spotify web-player queryArtistOverview,undocumented read-only web-client endpoint,6kz53iCdBSqhQCZ21CoLcc,Q50037,Culture Club,Culture Club,Q84,London,musical group,United Kingdom,,,,,True,accepted_exact_name,True,True,eligible_group_or_duo,True,False,London,reported_place
80,Deep Purple [568ZhdwyaiCyOGJRtNYhWf],,568ZhdwyaiCyOGJRtNYhWf,Deep Purple,6998809,6229490,0,2026-07-18T20:45:22.974241+00:00,Spotify web-player queryArtistOverview,undocumented read-only web-client endpoint,568ZhdwyaiCyOGJRtNYhWf,Q101505,Deep Purple,Deep Purple,Q21|Q84|Q9681,England|Hertford|London,rock band,United Kingdom,,,,,True,accepted_exact_name,True,True,eligible_group_or_duo,True,False,Hertford,reviewed_multi_place_rule
81,The Kooks [1GLtl8uqKmnyCWxHmw9tL4],,1GLtl8uqKmnyCWxHmw9tL4,The Kooks,6950019,2737101,0,2026-07-18T20:45:22.974241+00:00,Spotify web-player queryArtistOverview,undocumented read-only web-client endpoint,1GLtl8uqKmnyCWxHmw9tL4,Q211768,The Kooks,The Kooks,Q131491,Brighton,musical group,United Kingdom,,,,,True,accepted_exact_name,True,True,eligible_group_or_duo,True,False,Brighton,reported_place
82,La Roux [3K2zB87GZv1krx031en5VA],,3K2zB87GZv1krx031en5VA,La Roux,6858904,712440,0,2026-07-18T20:45:22.974241+00:00,Spotify web-player queryArtistOverview,undocumented read-only web-client endpoint,3K2zB87GZv1krx031en5VA,Q200002,La Roux,La Roux,Q84,London,musical group,United Kingdom,,,,,True,accepted_exact_name,True,True,eligible_group_or_duo,True,False,London,reported_place
83,10cc [6i6WlGzQtXtz7GcC5H5st5],,6i6WlGzQtXtz7GcC5H5st5,10cc,6808182,952868,0,2026-07-18T20:45:22.974241+00:00,Spotify web-player queryArtistOverview,undocumented read-only web-client endpoint,6i6WlGzQtXtz7GcC5H5st5,Q169145,10cc,10cc,Q18655,Stockport,musical group,United Kingdom,,,,,True,accepted_exact_name,True,True,eligible_group_or_duo,True,False,Manchester,editorial_city_cluster
84,CamelPhat [240wlM8vDrf6S4zCyzGj2W],,240wlM8vDrf6S4zCyzGj2W,CamelPhat,6543464,572358,0,2026-07-18T20:45:22.974241+00:00,Spotify web-player queryArtistOverview,undocumented read-only web-client endpoint,240wlM8vDrf6S4zCyzGj2W,Q21008079,CamelPhat,CamelPhat,Q24826,Liverpool,disc jockey|musical group,United Kingdom,,,,,True,accepted_exact_name,True,True,eligible_group_or_duo,True,False,Liverpool,reported_place
85,Take That [1XgFuvRd7r5g0h844A5ZUQ],,1XgFuvRd7r5g0h844A5ZUQ,Take That,6539015,1517488,0,2026-07-18T20:45:22.974241+00:00,Spotify web-player queryArtistOverview,undocumented read-only web-client endpoint,1XgFuvRd7r5g0h844A5ZUQ,Q152066,Take That,Take That,Q18125,Manchester,boy band,United Kingdom,,,,,True,accepted_exact_name,True,True,eligible_group_or_duo,True,False,Manchester,reported_place
86,Whitesnake [3UbyYnvNIT5DFXU4WgiGpP],,3UbyYnvNIT5DFXU4WgiGpP,Whitesnake,6249726,3532823,0,2026-07-18T20:45:22.974241+00:00,Spotify web-player queryArtistOverview,undocumented read-only web-client endpoint,3UbyYnvNIT5DFXU4WgiGpP,Q189965,Whitesnake,Whitesnake,Q171866,Middlesbrough,musical group,United Kingdom,,,,,True,accepted_exact_name,True,True,eligible_group_or_duo,True,False,Middlesbrough,reported_place
87,The Vamps [7gAppWoH7pcYmphCVTXkzs],,7gAppWoH7pcYmphCVTXkzs,The Vamps,6167219,5952843,0,2026-07-18T20:45:22.974241+00:00,Spotify web-player queryArtistOverview,undocumented read-only web-client endpoint,7gAppWoH7pcYmphCVTXkzs,Q15042553,The Vamps,The Vamps,Q21|Q84,England|London,musical group,United Kingdom,,,,,True,accepted_exact_name,True,True,eligible_group_or_duo,True,False,London,reported_place
88,The Human League [1aX2dmV8XoHYCOQRxjPESG],,1aX2dmV8XoHYCOQRxjPESG,The Human League,6085844,1370364,0,2026-07-18T20:45:22.974241+00:00,Spotify web-player queryArtistOverview,undocumented read-only web-client endpoint,1aX2dmV8XoHYCOQRxjPESG,Q730158,The Human League,The Human League,Q42448,Sheffield,musical group,United Kingdom,,,,,True,accepted_exact_name,True,True,eligible_group_or_duo,True,False,Sheffield,reported_place
89,The Pretenders [0GByy3DcfbQwDvXGCWmzv9],,0GByy3DcfbQwDvXGCWmzv9,Pretenders,6044974,1771319,0,2026-07-18T20:45:22.974241+00:00,Spotify web-player queryArtistOverview,undocumented read-only web-client endpoint,0GByy3DcfbQwDvXGCWmzv9,Q667389,The Pretenders,The Pretenders,Q204720,Hereford,musical group,United Kingdom,approve,,Spotify differs only by the leading article: The Pretenders / Pretenders,https://open.spotify.com/artist/0GByy3DcfbQwDvXGCWmzv9,False,accepted_reviewed_alias,True,True,eligible_group_or_duo,True,False,Hereford,reported_place
90,AlunaGeorge [2VAnyOxzJuSAj7XIuEOT38],,2VAnyOxzJuSAj7XIuEOT38,AlunaGeorge,6010368,456793,0,2026-07-18T20:45:22.974241+00:00,Spotify web-player queryArtistOverview,undocumented read-only web-client endpoint,2VAnyOxzJuSAj7XIuEOT38,Q10353,AlunaGeorge,AlunaGeorge,Q84,London,musical duo,United Kingdom,,,,,True,accepted_exact_name,True,True,eligible_group_or_duo,True,False,London,reported_place
91,Portishead [6liAMWkVf5LH7YR9yfFy1Y],,6liAMWkVf5LH7YR9yfFy1Y,Portishead,5958911,2540792,0,2026-07-18T20:45:22.974241+00:00,Spotify web-player queryArtistOverview,undocumented read-only web-client endpoint,6liAMWkVf5LH7YR9yfFy1Y,Q191352,Portishead,Portishead,Q23154,Bristol,musical group,United Kingdom,,,,,True,accepted_exact_name,True,True,eligible_group_or_duo,True,False,Bristol,reported_place
92,Frou Frou [6MUyqmIQ35inLjch0YzIEG],,6MUyqmIQ35inLjch0YzIEG,Frou Frou,5930276,419619,0,2026-07-18T20:45:22.974241+00:00,Spotify web-player queryArtistOverview,undocumented read-only web-client endpoint,6MUyqmIQ35inLjch0YzIEG,Q2629330,Frou Frou,Frou Frou,Q84,London,musical duo,United Kingdom,,,,,True,accepted_exact_name,True,True,eligible_group_or_duo,True,False,London,reported_place
93,Soft Cell [6aq8T2RcspxVOGgMrTzjWc],,6aq8T2RcspxVOGgMrTzjWc,Soft Cell,5766246,869007,0,2026-07-18T20:45:22.974241+00:00,Spotify web-player queryArtistOverview,undocumented read-only web-client endpoint,6aq8T2RcspxVOGgMrTzjWc,Q1329303,Soft Cell,Soft Cell,Q39121,Leeds,musical duo,United Kingdom,,,,,True,accepted_exact_name,True,True,eligible_group_or_duo,True,False,Leeds,reported_place
94,Stealers Wheel [7bPU7cvfoD20ixGD9Qnqki],,7bPU7cvfoD20ixGD9Qnqki,Stealers Wheel,5726001,253056,0,2026-07-18T20:45:22.974241+00:00,Spotify web-player queryArtistOverview,undocumented read-only web-client endpoint,7bPU7cvfoD20ixGD9Qnqki,Q283638,Stealers Wheel,Stealers Wheel,Q211870,Paisley,musical group,Scotland,,,,,True,accepted_exact_name,True,True,eligible_group_or_duo,True,False,Paisley,reported_place
95,Katrina and the Waves [2TzHIUhVpeeDxyJPpQfnV3],,2TzHIUhVpeeDxyJPpQfnV3,Katrina & The Waves,5671000,171867,0,2026-07-18T20:45:22.974241+00:00,Spotify web-player queryArtistOverview,undocumented read-only web-client endpoint,2TzHIUhVpeeDxyJPpQfnV3,Q934582,Katrina and the Waves,Katrina and the Waves,Q350,Cambridge,musical group,United Kingdom,approve,,Spotify uses an ampersand where Wikidata spells out and,https://open.spotify.com/artist/2TzHIUhVpeeDxyJPpQfnV3,False,accepted_reviewed_alias,True,True,eligible_group_or_duo,True,False,Cambridge,reported_place
96,LF System [0HxX6imltnNXJyQhu4nsiO],,0HxX6imltnNXJyQhu4nsiO,LF SYSTEM,5611864,113693,0,2026-07-18T20:45:22.974241+00:00,Spotify web-player queryArtistOverview,undocumented read-only web-client endpoint,0HxX6imltnNXJyQhu4nsiO,Q113022702,LF System,LF System,,,musical duo,Scotland|United Kingdom,,West Lothian,Wikidata formation place is missing; the artist's official biography describes both members as West Lothian natives,https://lfsystemmusic.com/about,True,accepted_exact_name,True,True,eligible_group_or_duo,True,False,West Lothian,reviewed_override
97,Everything but the Girl [13ccXrK7AmXb4TddMkE7jy],,13ccXrK7AmXb4TddMkE7jy,Everything But The Girl,5607393,480010,0,2026-07-18T20:45:22.974241+00:00,Spotify web-player queryArtistOverview,undocumented read-only web-client endpoint,13ccXrK7AmXb4TddMkE7jy,Q313779,Everything but the Girl,Everything but the Girl,Q128147,Kingston upon Hull,married couple|musical duo,United Kingdom,,,,,True,accepted_exact_name,True,True,eligible_group_or_duo,True,False,Kingston upon Hull,reported_place
98,The La's [47Z8LEl3LnQkcpva0xSthT],,47Z8LEl3LnQkcpva0xSthT,The La's,5581915,320009,0,2026-07-18T20:45:22.974241+00:00,Spotify web-player queryArtistOverview,undocumented read-only web-client endpoint,47Z8LEl3LnQkcpva0xSthT,Q1860769,The La's,The La's,Q24826,Liverpool,musical group,United Kingdom,,,,,True,accepted_exact_name,True,True,eligible_group_or_duo,True,False,Liverpool,reported_place
99,The xx [3iOvXCl6edW5Um0fXEBRXy],,3iOvXCl6edW5Um0fXEBRXy,The xx,5459918,3911861,0,2026-07-18T20:45:22.974241+00:00,Spotify web-player queryArtistOverview,undocumented read-only web-client endpoint,3iOvXCl6edW5Um0fXEBRXy,Q869367,The xx,The xx,Q84,London,musical group,United Kingdom,,,,,True,accepted_exact_name,True,True,eligible_group_or_duo,True,False,London,reported_place
100,Fine Young Cannibals [20p5D2KrE8CGuOjHtxsyTp],,20p5D2KrE8CGuOjHtxsyTp,Fine Young Cannibals,5309505,1018624,0,2026-07-18T20:45:22.974241+00:00,Spotify web-player queryArtistOverview,undocumented read-only web-client endpoint,20p5D2KrE8CGuOjHtxsyTp,Q14528,Fine Young Cannibals,Fine Young Cannibals,Q2256,Birmingham,musical group,United Kingdom,,,,,True,accepted_exact_name,True,True,eligible_group_or_duo,True,False,Birmingham,reported_place
